method,n,ca_mean,ca_median,ca_q1,ca_q3,ca_frac_under_1A,ca_frac_under_2A,allatom_mean,allatom_median,allatom_q1,allatom_q3,allatom_frac_under_2A
PMGen+plddt,176,1.0376530388636362,0.619945775,0.38028951,1.4849119000000002,0.6761363636363636,0.8522727272727273,1.8978021605681819,1.37773325,1.00850775,2.3174268000000002,0.7102272727272727
PMGen,176,0.9827161098863637,0.6465975500000001,0.38864209,1.472151975,0.6818181818181818,0.8522727272727273,1.8362831088636364,1.38553355,1.028881725,2.47395265,0.6931818181818182
Tfold,176,1.2746638358522728,0.7323863749999999,0.4959363525,1.44666745,0.6136363636363636,0.8863636363636364,2.157666095625,1.63545425,1.177473525,2.5466628,0.6022727272727273
MHC-Fine,176,1.0220247559588065,0.7569371163845062,0.5280822217464447,1.3192029893398285,0.6477272727272727,0.8977272727272727,1.9538973762907765,1.6560025811195374,1.156692177057266,2.5130759477615356,0.6590909090909091
PMGen2-distilled (this work),176,1.2030145035705277,1.008467963170172,0.6522186093057671,1.4734912362366317,0.4943181818181818,0.875,2.132648569506632,1.8509264756352468,1.4286731718978016,2.590889383290534,0.5681818181818182
"PMGen2-distilled, foreign MHC groove",176,1.2601468952624408,1.0207388124360102,0.7051631036163928,1.5622967197233217,0.48863636363636365,0.8579545454545454,2.165455737252158,1.8573756357297255,1.4297171463290212,2.7321080859969555,0.5852272727272727
PMGen+TE,176,1.20856773,1.04729495,0.6071961874999999,1.6089093,0.4772727272727273,0.8806818181818182,2.195408673465909,1.84656015,1.3307316249999999,2.759453725,0.5397727272727273
Pandora,176,1.6425426273295451,1.61358355,1.1234735749999998,2.055007075,0.2215909090909091,0.7215909090909091,3.0438679673863636,3.14576805,2.2105884,3.7252949749999997,0.20454545454545456
AF-Multimer,176,3.5118012262500002,2.28610815,1.369861475,3.933135525,0.1875,0.4090909090909091,4.654802397897727,3.9363618999999996,2.307889725,5.646754875,0.20454545454545456
