PDB,method,pep_ca_rmsd,pep_allatom_rmsd
8ZV9,PMGen+plddt,0.74489385,1.2263851
7RTR,PMGen+plddt,0.40963754,1.506427
6A6H,PMGen+plddt,1.8909104,2.277932
6VB7,PMGen+plddt,1.5967684,2.115372
7MJA,PMGen+plddt,1.9851179,2.4063363
7QPJ,PMGen+plddt,3.9872282,5.684949
7MJ6,PMGen+plddt,0.1286457,0.7594934
7JYV,PMGen+plddt,3.4516973,4.4073386
6D2B,PMGen+plddt,1.2924509,1.6710982
6AM5,PMGen+plddt,0.31489682,0.88861763
6VB0,PMGen+plddt,2.109444,5.007242
7EU2,PMGen+plddt,0.6333585,1.5384287
7EJM,PMGen+plddt,2.2778594,4.5209374
6VB1,PMGen+plddt,1.9947224,5.038046
6UZO,PMGen+plddt,0.38737,1.4203243
7M8U,PMGen+plddt,1.6232129,3.0189824
6UZP,PMGen+plddt,1.5881394,2.1482134
6ZKZ,PMGen+plddt,0.68654513,1.5158877
6BJ3,PMGen+plddt,0.46972033,1.0102171
7KGS,PMGen+plddt,1.1844743,1.5241605
6UZM,PMGen+plddt,2.027917,3.538457
7DZN,PMGen+plddt,0.9395803,1.506095
6VB4,PMGen+plddt,1.3006049,1.9037174
7DUU,PMGen+plddt,1.6641024,2.491368
7JWJ,PMGen+plddt,0.47784698,1.3153471
5TS1,PMGen+plddt,0.50281096,0.90762144
7DZM,PMGen+plddt,0.92997175,1.3754545
7KGR,PMGen+plddt,4.5839505,5.349781
7PHR,PMGen+plddt,0.6650121,0.7987074
6VB2,PMGen+plddt,1.9503217,4.9958773
6ZKW,PMGen+plddt,0.6391254,1.5814826
7KGQ,PMGen+plddt,0.65884376,1.7230173
6BJ8,PMGen+plddt,0.47341487,0.9234708
7N1E,PMGen+plddt,0.5024257,1.0509536
6D7G,PMGen+plddt,0.3807001,0.41345936
8YE4,PMGen+plddt,1.6774813,3.8266125
8W6L,PMGen+plddt,2.5574584,3.7708666
7EJL,PMGen+plddt,1.8555319,4.8183513
6JQ3,PMGen+plddt,0.37905774,1.0298417
6UZQ,PMGen+plddt,1.4106438,2.0328488
7JYX,PMGen+plddt,0.34985018,1.2163969
6ZKY,PMGen+plddt,0.7589729,1.5437944
6UZS,PMGen+plddt,0.501986,1.4718127
7P3E,PMGen+plddt,0.73896486,1.4835755
6VB3,PMGen+plddt,0.38928407,1.3821402
7EJN,PMGen+plddt,0.9106912,2.8697376
7KGP,PMGen+plddt,0.50709975,1.2328769
6Q3K,PMGen+plddt,0.4097306,0.78066754
6UZ1,PMGen+plddt,0.4477197,1.884039
6Y29,PMGen+plddt,0.17733072,0.63971734
6LBE,PMGen+plddt,2.0299468,3.0777335
6UJO,PMGen+plddt,0.731454,1.3097146
7LGT,PMGen+plddt,2.065502,4.567998
6KWL,PMGen+plddt,0.8154393,1.7163278
6D29,PMGen+plddt,2.6321976,3.3473823
5VUD,PMGen+plddt,0.2612776,0.40282407
7NUI,PMGen+plddt,0.43662345,0.76550186
5VWH,PMGen+plddt,0.32730386,0.5964264
6GHN,PMGen+plddt,0.89386624,1.2307314
6VMX,PMGen+plddt,0.7096458,1.8084413
7JYU,PMGen+plddt,0.7600764,1.3541871
5WMR,PMGen+plddt,0.33182037,1.0402765
6EWA,PMGen+plddt,0.35791785,0.7072436
6MT6,PMGen+plddt,0.6742908,1.4713218
6UJ7,PMGen+plddt,0.3247034,0.51392287
6J29,PMGen+plddt,1.1281719,2.1718893
6Y26,PMGen+plddt,0.2794334,0.7946248
6MT4,PMGen+plddt,0.59770316,1.2634226
6TRN,PMGen+plddt,0.42952988,1.6148692
5NPZ,PMGen+plddt,0.37413684,1.337064
6Y2A,PMGen+plddt,0.21248496,0.57390213
6PYJ,PMGen+plddt,0.18392412,0.56939524
6G3J,PMGen+plddt,6.0403504,6.878394
6UJ8,PMGen+plddt,0.29407978,0.6979241
6V2Q,PMGen+plddt,2.1834645,4.2526765
6SS9,PMGen+plddt,0.36398438,0.6834599
7K81,PMGen+plddt,0.36802408,1.1247406
6UJQ,PMGen+plddt,0.43386567,1.2923673
7M8T,PMGen+plddt,1.302377,2.758109
6IRL,PMGen+plddt,4.1230536,7.219541
6J1V,PMGen+plddt,0.7177095,1.4582981
6RPB,PMGen+plddt,0.73712474,1.0363694
6V2O,PMGen+plddt,0.88087887,1.1833696
7LFZ,PMGen+plddt,3.097115,6.2879853
7JYW,PMGen+plddt,0.44828463,1.0257416
6RSY,PMGen+plddt,0.8151735,1.1934888
6P2C,PMGen+plddt,0.24325186,0.4284629
6R2L,PMGen+plddt,0.44994208,1.2671471
6MT3,PMGen+plddt,1.8334242,3.5177944
6D78,PMGen+plddt,0.29699975,0.80341923
5TRZ,PMGen+plddt,0.9568297,1.8868225
6XQA,PMGen+plddt,0.21811123,0.84850127
6MT5,PMGen+plddt,0.9394326,1.660399
6H6D,PMGen+plddt,0.42074427,0.8623092
6JOZ,PMGen+plddt,0.48985946,1.1292953
5VWD,PMGen+plddt,1.7745824,2.806656
6L9N,PMGen+plddt,0.4265064,0.8951882
7MJ7,PMGen+plddt,0.32507288,0.9946838
6SS7,PMGen+plddt,0.4519307,0.5733183
6O51,PMGen+plddt,2.5747814,2.2877903
6J2A,PMGen+plddt,0.5512859,1.3224725
5YXN,PMGen+plddt,0.47673312,0.54929584
6ULK,PMGen+plddt,1.8987241,2.622831
6Z9W,PMGen+plddt,0.60434085,2.601099
6VM7,PMGen+plddt,0.4011848,1.380012
6D2R,PMGen+plddt,3.769113,5.133491
6PTB,PMGen+plddt,0.23121858,0.9289858
6P2F,PMGen+plddt,0.34979117,0.61326414
6O9C,PMGen+plddt,0.39631534,1.0973632
6O4Z,PMGen+plddt,0.65182495,0.8142406
7LG2,PMGen+plddt,1.7330325,3.490009
6ULI,PMGen+plddt,0.25273785,1.0352395
6DKP,PMGen+plddt,0.28873444,0.328497
6IEX,PMGen+plddt,2.3756254,3.9826164
6VM9,PMGen+plddt,0.48247886,1.3203175
6L9M,PMGen+plddt,0.60266924,1.0717067
6J1W,PMGen+plddt,0.48993593,1.1711091
5VUF,PMGen+plddt,0.82846195,1.0319754
5VWJ,PMGen+plddt,0.7308551,1.4173371
6G9Q,PMGen+plddt,0.40063697,2.549077
7LGD,PMGen+plddt,0.35081163,1.718606
7M8S,PMGen+plddt,1.6634687,2.4579833
6LHG,PMGen+plddt,0.3884297,1.526712
6TRO,PMGen+plddt,0.41483256,1.1946617
6WZY,PMGen+plddt,1.7311878,1.7364489
6AMU,PMGen+plddt,3.8781145,6.3606977
6SSA,PMGen+plddt,0.2655123,1.0033797
5WMN,PMGen+plddt,0.67494166,1.061807
6K60,PMGen+plddt,0.27413213,1.3372564
6H6H,PMGen+plddt,0.3017986,0.84481037
6AEE,PMGen+plddt,0.32798898,1.7537403
6O53,PMGen+plddt,2.6298904,3.345549
6KWN,PMGen+plddt,0.36535594,0.8439339
6MPP,PMGen+plddt,3.685565,4.6183
5WMP,PMGen+plddt,2.0863585,2.1759684
6PYV,PMGen+plddt,0.19754934,0.97629523
5VVP,PMGen+plddt,1.2208505,2.696108
6EWC,PMGen+plddt,1.4182867,2.4548905
6O4Y,PMGen+plddt,0.66442996,0.765034
6GL1,PMGen+plddt,1.1976134,1.8584375
7MJ9,PMGen+plddt,0.3584294,0.97330797
5YMW,PMGen+plddt,0.44483837,1.2282515
6GGM,PMGen+plddt,0.60653305,1.5637041
6VR1,PMGen+plddt,0.58369243,1.4431576
6X00,PMGen+plddt,1.8378431,1.9106158
6W51,PMGen+plddt,0.5995398,1.6934005
5VWF,PMGen+plddt,1.2905508,2.934005
5YLX,PMGen+plddt,2.9581077,4.1243696
6NCA,PMGen+plddt,1.4543839,2.8357992
6EWO,PMGen+plddt,1.0496012,1.9473026
7LG3,PMGen+plddt,0.72482103,1.3552634
6GH4,PMGen+plddt,0.37496206,0.8969306
6D2T,PMGen+plddt,2.204596,2.4959633
6TMO,PMGen+plddt,0.16008104,0.6687012
6KWO,PMGen+plddt,0.4175135,1.6207678
6Z9V,PMGen+plddt,1.5764959,3.6814787
6MTL,PMGen+plddt,2.1768677,4.2755246
6SS8,PMGen+plddt,0.36236215,0.41819587
5YMV,PMGen+plddt,0.64700675,0.8585845
7KGO,PMGen+plddt,2.9692283,4.6490107
6NPR,PMGen+plddt,0.3640572,0.9732859
6V2P,PMGen+plddt,0.8164589,1.0695724
6JTO,PMGen+plddt,0.4763847,1.1988696
6PYL,PMGen+plddt,1.1756557,1.2969071
5VUE,PMGen+plddt,0.34457955,1.1085811
6Q3S,PMGen+plddt,0.45056885,1.1990055
6PAG,PMGen+plddt,0.32823765,0.9213723
6LHF,PMGen+plddt,0.30890214,1.039334
6VPZ,PMGen+plddt,2.2725332,1.8647009
6G3K,PMGen+plddt,0.5300392,1.0017408
7JI2,PMGen+plddt,0.23575933,1.1431869
6OPD,PMGen+plddt,0.35047364,1.3075316
6PTE,PMGen+plddt,0.3147799,1.1101079
6O9B,PMGen+plddt,0.40578458,0.54152536
6ID4,PMGen+plddt,0.5688916,1.2483963
6VMC,PMGen+plddt,0.34362695,1.3892378
8ZV9,PMGen,0.7449944,1.2263446
7RTR,PMGen,0.40990254,1.5061648
6A6H,PMGen,1.8903334,2.27767
6VB7,PMGen,1.596964,2.1156204
7MJA,PMGen,1.985258,2.4064472
7QPJ,PMGen,1.3582801,2.856317
7MJ6,PMGen,0.12843415,0.7593684
7JYV,PMGen,0.6410181,1.3686911
6D2B,PMGen,1.2924604,1.6712571
6AM5,PMGen,0.31436983,0.8885037
6VB0,PMGen,2.1093335,5.007271
7EU2,PMGen,0.6330871,1.5382866
7EJM,PMGen,2.2777247,4.5206614
6VB1,PMGen,2.0481505,5.0264983
6UZO,PMGen,0.3873169,1.4203436
7M8U,PMGen,1.6230806,3.0192068
6UZP,PMGen,1.5897442,2.1498704
6ZKZ,PMGen,0.6879863,1.5168618
6BJ3,PMGen,0.47021297,1.0102218
7KGS,PMGen,1.9565274,2.7704244
6UZM,PMGen,1.6562458,2.6207547
7DZN,PMGen,0.9389928,1.5060046
6VB4,PMGen,1.3007276,1.9036739
7DUU,PMGen,1.6641779,2.49118
7JWJ,PMGen,0.47785592,1.3153751
5TS1,PMGen,0.50326306,0.90804285
7DZM,PMGen,0.9303169,1.3761452
7KGR,PMGen,0.835796,1.6983273
7PHR,PMGen,0.6649996,0.7988714
6VB2,PMGen,2.149584,4.9215665
6ZKW,PMGen,0.6389584,1.581169
7KGQ,PMGen,0.6588481,1.7227834
6BJ8,PMGen,0.47331125,0.9236113
7N1E,PMGen,0.50243074,1.0512002
6D7G,PMGen,0.380688,0.41350102
8YE4,PMGen,1.6775389,3.8266146
8W6L,PMGen,2.55718,3.770598
7EJL,PMGen,1.8555287,4.818591
6JQ3,PMGen,0.37906647,1.0298091
6UZQ,PMGen,1.3245182,1.9135913
7JYX,PMGen,0.35049245,1.2165161
6ZKY,PMGen,0.7587371,1.54366
6UZS,PMGen,0.5020603,1.4718306
7P3E,PMGen,0.7386796,1.4835682
6VB3,PMGen,0.38872412,1.3816713
7EJN,PMGen,0.9102712,2.87
7KGP,PMGen,0.5072949,1.2330121
6Q3K,PMGen,0.40947154,0.7806089
6UZ1,PMGen,0.44783956,1.8840373
6Y29,PMGen,0.17728452,0.6398194
6LBE,PMGen,2.0295017,3.0773962
6UJO,PMGen,0.73147976,1.3097299
7LGT,PMGen,2.0662043,4.568758
6KWL,PMGen,0.8170906,1.71804
6D29,PMGen,1.3088417,2.8360095
5VUD,PMGen,0.26170754,0.40311313
7NUI,PMGen,0.43646064,0.76524895
5VWH,PMGen,0.32707793,0.59641457
6GHN,PMGen,0.8939044,1.2307775
6VMX,PMGen,0.7806684,1.5283383
7JYU,PMGen,0.75987476,1.3539636
5WMR,PMGen,0.3317483,1.0400522
6EWA,PMGen,0.35836908,0.70728856
6MT6,PMGen,0.67461175,1.47171
6UJ7,PMGen,0.3247237,0.5137875
6J29,PMGen,1.1276721,2.1719277
6Y26,PMGen,0.2796822,0.7946348
6MT4,PMGen,0.5978433,1.263398
6TRN,PMGen,0.42951527,1.6147931
5NPZ,PMGen,0.3741924,1.3370757
6Y2A,PMGen,0.21228732,0.5738444
6PYJ,PMGen,0.18398131,0.5695308
6G3J,PMGen,0.33403966,0.6316648
6UJ8,PMGen,0.29401907,0.69805306
6V2Q,PMGen,2.1834128,4.2525706
6SS9,PMGen,0.36416325,0.68348974
7K81,PMGen,0.3675157,1.1246058
6UJQ,PMGen,0.43362445,1.2923847
7M8T,PMGen,1.3023251,2.7580168
6IRL,PMGen,0.6723588,1.7841977
6J1V,PMGen,0.71743876,1.458312
6RPB,PMGen,0.73712885,1.0362139
6V2O,PMGen,0.880883,1.1833134
7LFZ,PMGen,1.4072936,2.7534866
7JYW,PMGen,0.44839767,1.0260996
6RSY,PMGen,0.815647,1.1938603
6P2C,PMGen,3.3587518,5.825828
6R2L,PMGen,0.45036006,1.2671574
6MT3,PMGen,1.8340753,3.5181925
6D78,PMGen,2.6096702,2.4682102
5TRZ,PMGen,4.8120494,5.838274
6XQA,PMGen,0.2183687,0.8485398
6MT5,PMGen,0.93775713,1.6581223
6H6D,PMGen,0.42094737,0.8622702
6JOZ,PMGen,0.49016345,1.129122
5VWD,PMGen,1.7743804,2.8065162
6L9N,PMGen,0.42637202,0.8945209
7MJ7,PMGen,3.5905328,5.080528
6SS7,PMGen,0.45187473,0.5734126
6O51,PMGen,2.575078,2.2889233
6J2A,PMGen,0.5517799,1.3232423
5YXN,PMGen,0.4765937,0.5491633
6ULK,PMGen,2.7947648,4.3244047
6Z9W,PMGen,0.6045596,2.6011999
6VM7,PMGen,0.40090072,1.3794665
6D2R,PMGen,2.7526844,3.7054524
6PTB,PMGen,0.23080076,0.9289536
6P2F,PMGen,3.0934849,4.9420447
6O9C,PMGen,0.3959024,1.0970378
6O4Z,PMGen,0.652177,0.8144118
7LG2,PMGen,1.7330176,3.489784
6ULI,PMGen,0.19621871,1.0518605
6DKP,PMGen,0.2882946,0.32822412
6IEX,PMGen,2.9442027,3.7417467
6VM9,PMGen,0.4828166,1.3200911
6L9M,PMGen,0.5832213,0.9388855
6J1W,PMGen,0.48932576,1.1708019
5VUF,PMGen,0.8281014,1.0320563
5VWJ,PMGen,0.73082644,1.4173875
6G9Q,PMGen,0.40093133,2.549143
7LGD,PMGen,0.31627685,2.0396056
7M8S,PMGen,1.8282542,2.9521654
6LHG,PMGen,0.388396,1.5267956
6TRO,PMGen,0.4652167,1.2140105
6WZY,PMGen,1.730999,1.7363236
6AMU,PMGen,2.2547612,3.5164394
6SSA,PMGen,0.26572913,1.0034469
5WMN,PMGen,0.6759325,1.0611998
6K60,PMGen,0.27383375,1.3374671
6H6H,PMGen,0.3018207,0.84482145
6AEE,PMGen,0.32800835,1.7538484
6O53,PMGen,2.2339306,1.9856094
6KWN,PMGen,0.36520407,0.84363645
6MPP,PMGen,2.8068228,3.7734406
5WMP,PMGen,2.0860815,2.1756687
6PYV,PMGen,0.19752792,0.9761424
5VVP,PMGen,1.2204899,2.696028
6EWC,PMGen,1.5257556,2.694307
6O4Y,PMGen,0.6645855,0.76577234
6GL1,PMGen,0.98583305,1.2688427
7MJ9,PMGen,0.35819376,0.97311723
5YMW,PMGen,0.4449445,1.2281992
6GGM,PMGen,0.6063574,1.56347
6VR1,PMGen,0.5838153,1.443546
6X00,PMGen,2.0708222,2.3473349
6W51,PMGen,0.59965885,1.6932565
5VWF,PMGen,1.2901269,2.9342797
5YLX,PMGen,0.91861725,1.6482735
6NCA,PMGen,1.4542841,2.8363414
6EWO,PMGen,1.6214631,3.2389207
7LG3,PMGen,0.72506666,1.3555282
6GH4,PMGen,0.37512705,0.89709985
6D2T,PMGen,2.2039819,2.495668
6TMO,PMGen,0.16003054,0.6686234
6KWO,PMGen,0.41810918,1.6211503
6Z9V,PMGen,1.5765651,3.681168
6MTL,PMGen,2.1769407,4.275379
6SS8,PMGen,0.36214757,0.4181381
5YMV,PMGen,2.1143475,3.3452494
7KGO,PMGen,0.67620057,1.4386079
6NPR,PMGen,0.3650301,0.9736942
6V2P,PMGen,0.81665045,1.0741713
6JTO,PMGen,0.47643423,1.1988664
6PYL,PMGen,1.1754844,1.2965176
5VUE,PMGen,0.36223862,1.0089004
6Q3S,PMGen,0.4501863,1.199029
6PAG,PMGen,0.32846913,0.9213682
6LHF,PMGen,0.30998498,1.0396155
6VPZ,PMGen,2.5189955,3.2233
6G3K,PMGen,0.5300763,1.0016705
7JI2,PMGen,0.23564188,1.1431577
6OPD,PMGen,0.35054234,1.3076202
6PTE,PMGen,0.31467038,1.1101688
6O9B,PMGen,0.40579408,0.54170984
6ID4,PMGen,0.5691919,1.2484779
6VMC,PMGen,0.34365043,1.3893958
8ZV9,Tfold,0.7678018,1.3742212
7RTR,Tfold,0.37146595,1.482554
6A6H,Tfold,1.3782237,1.6712925
6VB7,Tfold,1.5969238,2.2001226
7MJA,Tfold,1.7463017,2.823838
7QPJ,Tfold,0.8994542,2.2856045
7MJ6,Tfold,1.5438004,2.5442562
7JYV,Tfold,0.609979,1.2254616
6D2B,Tfold,1.4163042,1.7889898
6AM5,Tfold,0.41769353,0.9165952
6VB0,Tfold,0.798352,2.2531714
7EU2,Tfold,0.40480876,1.167483
7EJM,Tfold,0.67239845,2.0013068
6VB1,Tfold,0.73968935,2.239192
6UZO,Tfold,0.31289253,1.4228643
7M8U,Tfold,0.7638026,1.6901577
6UZP,Tfold,0.3777685,0.71856755
6ZKZ,Tfold,2.854794,4.035253
6BJ3,Tfold,0.8055354,1.4619623
7KGS,Tfold,1.9063308,2.9148839
6UZM,Tfold,0.3347193,1.4580873
7DZN,Tfold,0.8936835,1.5926788
6VB4,Tfold,0.2325235,1.5028123
7DUU,Tfold,1.8742689,2.3870335
7JWJ,Tfold,0.54898864,1.5797198
5TS1,Tfold,0.33077124,0.81612957
7DZM,Tfold,1.0001236,1.5974191
7KGR,Tfold,1.1651523,1.4327583
7PHR,Tfold,0.4007083,0.83951235
6VB2,Tfold,1.6606685,4.7383623
6ZKW,Tfold,0.48643705,1.6985811
7KGQ,Tfold,0.72989935,1.844258
6BJ8,Tfold,0.8843674,1.4396174
7N1E,Tfold,0.6127338,1.5486797
6D7G,Tfold,0.5203572,0.58713144
8YE4,Tfold,1.7146484,3.7324762
8W6L,Tfold,2.4079869,3.5936213
7EJL,Tfold,0.59379864,2.7709584
6JQ3,Tfold,0.35754904,1.0303261
6UZQ,Tfold,0.3319567,1.613389
7JYX,Tfold,0.49669915,1.5548475
6ZKY,Tfold,2.9690995,4.080413
6UZS,Tfold,0.423838,1.5030341
7P3E,Tfold,0.69649965,1.4409579
6VB3,Tfold,0.35215622,1.5726005
7EJN,Tfold,0.72645694,2.66625
7KGP,Tfold,0.3789459,1.1054759
6Q3K,Tfold,0.26706153,0.5413795
6UZ1,Tfold,1.2625773,2.5793624
6Y29,Tfold,1.1417812,1.7795175
6LBE,Tfold,38.377586,37.790333
6UJO,Tfold,0.4761104,1.0571524
7LGT,Tfold,1.9895324,3.8638072
6KWL,Tfold,0.77973896,1.602067
6D29,Tfold,0.72402126,1.0442858
5VUD,Tfold,1.0555118,2.5824707
7NUI,Tfold,0.7224676,1.2293016
5VWH,Tfold,1.1006087,2.5562572
6GHN,Tfold,0.8992316,1.2508391
6VMX,Tfold,2.682852,4.58262
7JYU,Tfold,0.88375866,1.731115
5WMR,Tfold,0.95672846,1.5261861
6EWA,Tfold,1.6020213,2.5216718
6MT6,Tfold,1.9019446,2.4183424
6UJ7,Tfold,0.5353252,0.6576882
6J29,Tfold,1.1458921,2.1189127
6Y26,Tfold,0.39323014,0.75636387
6MT4,Tfold,1.7041976,2.2541509
6TRN,Tfold,0.40077946,1.6352574
5NPZ,Tfold,2.1832628,3.3853736
6Y2A,Tfold,0.4288959,1.0254394
6PYJ,Tfold,0.46578667,0.79544336
6G3J,Tfold,0.3391028,0.91162294
6UJ8,Tfold,0.51612276,0.786055
6V2Q,Tfold,1.9422632,2.9974358
6SS9,Tfold,0.32038933,0.9463872
7K81,Tfold,0.6906819,1.5060539
6UJQ,Tfold,0.63439673,1.3479697
7M8T,Tfold,0.73870856,1.7718716
6IRL,Tfold,0.36984083,1.449229
6J1V,Tfold,0.63589466,1.4970669
6RPB,Tfold,1.3445407,2.6924238
6V2O,Tfold,1.088157,1.486178
7LFZ,Tfold,1.4098017,2.2699025
7JYW,Tfold,0.69142956,1.6079185
6RSY,Tfold,0.644896,1.036921
6P2C,Tfold,3.7555737,5.8486133
6R2L,Tfold,0.31116405,1.228919
6MT3,Tfold,0.86731714,2.0777442
6D78,Tfold,3.6070793,3.314356
5TRZ,Tfold,4.2730255,5.570875
6XQA,Tfold,0.30021116,0.8622708
6MT5,Tfold,1.7403533,2.6251552
6H6D,Tfold,0.53385425,1.1249317
6JOZ,Tfold,0.62961775,1.0949359
5VWD,Tfold,1.5675721,2.9190364
6L9N,Tfold,0.49364796,0.9923141
7MJ7,Tfold,3.2117422,4.4533195
6SS7,Tfold,0.56373435,0.88219345
6O51,Tfold,1.9030644,1.9643152
6J2A,Tfold,0.46491522,1.1870749
5YXN,Tfold,1.963061,1.6959813
6ULK,Tfold,1.4029787,2.4669902
6Z9W,Tfold,0.5004375,2.5174057
6VM7,Tfold,1.1521183,2.2648969
6D2R,Tfold,2.9977887,4.5029783
6PTB,Tfold,0.26687133,0.64115125
6P2F,Tfold,3.5825677,5.0768595
6O9C,Tfold,1.6437777,3.005498
6O4Z,Tfold,0.6015869,0.8615005
7LG2,Tfold,1.551937,3.2965016
6ULI,Tfold,0.38943356,1.2071385
6DKP,Tfold,0.46874034,0.6316093
6IEX,Tfold,1.9387614,3.3388352
6VM9,Tfold,1.0699834,1.8050077
6L9M,Tfold,0.6242729,0.8248707
6J1W,Tfold,0.505967,1.1808037
5VUF,Tfold,1.792028,1.8559662
5VWJ,Tfold,1.1903619,2.4177926
6G9Q,Tfold,0.33479404,2.4345665
7LGD,Tfold,0.92926127,3.3647664
7M8S,Tfold,1.738424,3.391176
6LHG,Tfold,0.7202846,1.6374372
6TRO,Tfold,0.4206577,1.285404
6WZY,Tfold,0.6937823,0.8008442
6AMU,Tfold,2.0909941,3.2548184
6SSA,Tfold,0.46245146,0.60975194
5WMN,Tfold,1.0488238,1.3443025
6K60,Tfold,0.28027654,0.7333091
6H6H,Tfold,0.7348734,1.3950655
6AEE,Tfold,0.54937506,1.9562247
6O53,Tfold,2.5890865,3.7154496
6KWN,Tfold,0.64116883,2.0695267
6MPP,Tfold,2.9257712,3.999556
5WMP,Tfold,2.0884602,2.1314313
6PYV,Tfold,0.46028462,0.76326317
5VVP,Tfold,0.4164408,0.6893151
6EWC,Tfold,0.58343285,1.4106649
6O4Y,Tfold,0.29713064,0.6683845
6GL1,Tfold,2.367436,2.9941976
7MJ9,Tfold,1.4227133,2.9008615
5YMW,Tfold,0.37061557,1.2986172
6GGM,Tfold,0.66107416,1.6860259
6VR1,Tfold,0.60160863,1.4831274
6X00,Tfold,0.43242463,0.68773293
6W51,Tfold,0.5995644,2.1755738
5VWF,Tfold,0.73657095,1.8717178
5YLX,Tfold,1.4554759,2.970915
6NCA,Tfold,1.4437313,3.119565
6EWO,Tfold,1.6308933,2.5538826
7LG3,Tfold,0.6247786,1.3658793
6GH4,Tfold,0.55573976,1.0909804
6D2T,Tfold,0.51770127,0.85342723
6TMO,Tfold,0.45726898,0.8340399
6KWO,Tfold,0.6828912,2.1301126
6Z9V,Tfold,1.1963164,3.5509775
6MTL,Tfold,1.0516672,2.664758
6SS8,Tfold,0.5305248,0.6864155
5YMV,Tfold,2.6445897,3.467996
7KGO,Tfold,0.8021031,2.2331347
6NPR,Tfold,0.39028612,0.8735233
6V2P,Tfold,0.96968687,1.4697239
6JTO,Tfold,2.9797096,4.699046
6PYL,Tfold,1.6011368,1.6168108
5VUE,Tfold,1.4251523,2.303635
6Q3S,Tfold,0.8468287,2.0237756
6PAG,Tfold,1.1616306,1.6356511
6LHF,Tfold,0.5094828,1.1312331
6VPZ,Tfold,2.3696835,3.2403598
6G3K,Tfold,0.63887566,1.063044
7JI2,Tfold,0.48392785,1.3731616
6OPD,Tfold,0.6281574,1.8435931
6PTE,Tfold,0.41318798,0.74597704
6O9B,Tfold,0.5952661,0.69635534
6ID4,Tfold,0.5693698,1.3553864
6VMC,Tfold,1.1449566,2.127637
8ZV9,MHC-Fine,0.7669137120246887,1.3650673627853394
7RTR,MHC-Fine,0.531805694103241,1.532132267951965
6A6H,MHC-Fine,1.494890570640564,1.835987210273743
6VB7,MHC-Fine,0.4051822423934936,1.8366392850875848
7MJA,MHC-Fine,1.8165994882583616,2.5491676330566406
7QPJ,MHC-Fine,1.4209784269332886,3.0219039916992188
7MJ6,MHC-Fine,1.175521969795227,2.121894359588623
7JYV,MHC-Fine,0.4860564470291137,1.1285234689712524
6D2B,MHC-Fine,1.7347402572631836,2.2481980323791504
6AM5,MHC-Fine,0.6854087710380554,1.0755417346954346
6VB0,MHC-Fine,0.678152322769165,1.726193904876709
7EU2,MHC-Fine,0.4230960309505462,1.2279582023620603
7EJM,MHC-Fine,0.6270338296890259,2.4929416179656982
6VB1,MHC-Fine,0.6512016654014587,1.80326783657074
6UZO,MHC-Fine,0.4989957213401794,1.5123347043991089
7M8U,MHC-Fine,1.0597368478775024,2.2706706523895264
6UZP,MHC-Fine,0.5859010815620422,0.82538241147995
6ZKZ,MHC-Fine,2.5474729537963867,3.818662405014038
6BJ3,MHC-Fine,0.6121693253517151,1.1200555562973022
7KGS,MHC-Fine,1.6835981607437134,2.602980136871338
6UZM,MHC-Fine,0.5308089256286621,1.432697892189026
7DZN,MHC-Fine,1.4142961502075195,3.1312150955200195
6VB4,MHC-Fine,0.3604193925857544,1.4833745956420898
7DUU,MHC-Fine,0.8490641713142395,1.3580586910247805
7JWJ,MHC-Fine,0.4922794103622436,1.1696288585662842
5TS1,MHC-Fine,1.577530026435852,2.401778221130371
7DZM,MHC-Fine,0.8557783365249634,1.133381724357605
7KGR,MHC-Fine,1.195863127708435,1.677606463432312
7PHR,MHC-Fine,0.5896628499031067,1.0274341106414795
6VB2,MHC-Fine,0.6458095908164978,1.73344624042511
6ZKW,MHC-Fine,0.7207450270652771,1.503467679023743
7KGQ,MHC-Fine,0.7837996482849121,1.868067979812622
6BJ8,MHC-Fine,0.4923677146434784,0.8986148238182068
7N1E,MHC-Fine,0.5382081866264343,1.7812436819076538
6D7G,MHC-Fine,0.8765565156936646,1.099588394165039
8YE4,MHC-Fine,1.747077465057373,3.8832077980041504
8W6L,MHC-Fine,1.9548224210739136,2.399811029434204
7EJL,MHC-Fine,0.5465971827507019,3.141465663909912
6JQ3,MHC-Fine,0.3222102522850036,1.0290323495864868
6UZQ,MHC-Fine,0.9514079093933104,1.5917056798934937
7JYX,MHC-Fine,2.950948476791382,4.5316972732543945
6ZKY,MHC-Fine,2.6128923892974854,4.17598819732666
6UZS,MHC-Fine,0.6037692427635193,1.5633305311203003
7P3E,MHC-Fine,0.7943622469902039,1.906305789947509
6VB3,MHC-Fine,0.60254967212677,1.5841799974441528
7EJN,MHC-Fine,0.5505751371383667,2.996965408325196
7KGP,MHC-Fine,0.8496707081794739,1.9285959005355835
6Q3K,MHC-Fine,0.1975976526737213,0.6522935628890991
6UZ1,MHC-Fine,0.502704918384552,1.998414397239685
6Y29,MHC-Fine,0.6303574442863464,0.944454312324524
6LBE,MHC-Fine,2.1136021614074707,3.561483144760132
6UJO,MHC-Fine,1.1311901807785034,2.7447609901428223
7LGT,MHC-Fine,1.812131404876709,4.798338413238525
6KWL,MHC-Fine,0.5141173601150513,1.032140016555786
6D29,MHC-Fine,1.5872536897659302,3.0509626865386963
5VUD,MHC-Fine,0.2144304662942886,0.4692142605781555
7NUI,MHC-Fine,0.4108434021472931,0.5875483751296997
5VWH,MHC-Fine,0.2473043352365493,0.5716437697410583
6GHN,MHC-Fine,1.0866258144378662,1.4148476123809814
6VMX,MHC-Fine,2.554571866989136,4.7248125076293945
7JYU,MHC-Fine,1.082226037979126,1.5282191038131714
5WMR,MHC-Fine,0.4415929317474365,1.246688723564148
6EWA,MHC-Fine,0.4089103937149048,0.788459837436676
6MT6,MHC-Fine,2.081573486328125,4.989075660705566
6UJ7,MHC-Fine,0.6578475832939148,1.1780076026916504
6J29,MHC-Fine,1.04004967212677,2.6626200675964355
6Y26,MHC-Fine,0.5097602009773254,0.9673493504524232
6MT4,MHC-Fine,2.142444133758545,4.427079677581787
6TRN,MHC-Fine,0.8274996280670166,1.9215102195739744
5NPZ,MHC-Fine,0.4313303530216217,0.9376387000083924
6Y2A,MHC-Fine,0.598653256893158,0.9247757196426392
6PYJ,MHC-Fine,0.5539328455924988,1.1563979387283323
6G3J,MHC-Fine,0.6037278771400452,1.2183887958526611
6UJ8,MHC-Fine,0.8102326393127441,1.4494913816452026
6V2Q,MHC-Fine,1.7163175344467163,2.756742238998413
6SS9,MHC-Fine,0.875662088394165,1.0774176120758057
7K81,MHC-Fine,0.4205817282199859,1.2991341352462769
6UJQ,MHC-Fine,0.5857928395271301,2.289947271347046
7M8T,MHC-Fine,1.1696054935455322,1.875318169593811
6IRL,MHC-Fine,0.5156301856040955,2.031002283096313
6J1V,MHC-Fine,0.7376580834388733,1.65532386302948
6RPB,MHC-Fine,0.8297106027603149,1.2794420719146729
6V2O,MHC-Fine,1.1901259422302246,1.776828408241272
7LFZ,MHC-Fine,0.879546582698822,1.7236908674240112
7JYW,MHC-Fine,2.014988660812378,3.048635005950928
6RSY,MHC-Fine,0.8600514531135559,1.2010719776153564
6P2C,MHC-Fine,3.796691417694092,6.02287483215332
6R2L,MHC-Fine,0.4325006902217865,1.368906021118164
6MT3,MHC-Fine,1.2329448461532593,2.0522944927215576
6D78,MHC-Fine,2.6200103759765625,2.616278648376465
5TRZ,MHC-Fine,4.401824951171875,5.749791145324707
6XQA,MHC-Fine,1.9140359163284304,2.6889748573303223
6MT5,MHC-Fine,1.6464141607284546,2.8226478099823
6H6D,MHC-Fine,0.3643852174282074,0.9274733066558838
6JOZ,MHC-Fine,0.6091572046279907,1.180237054824829
5VWD,MHC-Fine,1.8362045288085933,3.0116257667541504
6L9N,MHC-Fine,0.9090030193328856,1.6566812992095947
7MJ7,MHC-Fine,3.4497110843658447,4.741580009460449
6SS7,MHC-Fine,0.8678418397903442,1.0212403535842896
6O51,MHC-Fine,1.791479229927063,1.99749219417572
6J2A,MHC-Fine,0.415048599243164,1.132638454437256
5YXN,MHC-Fine,0.9809967279434204,1.830950379371643
6ULK,MHC-Fine,2.037175416946411,3.3748273849487305
6Z9W,MHC-Fine,0.5459436774253845,2.3465359210968018
6VM7,MHC-Fine,0.454049676656723,1.1174089908599854
6D2R,MHC-Fine,1.9456470012664795,3.102897882461548
6PTB,MHC-Fine,0.2930629253387451,0.8965772986412048
6P2F,MHC-Fine,3.673177480697632,5.12185525894165
6O9C,MHC-Fine,1.3582587242126465,3.4541900157928467
6O4Z,MHC-Fine,0.2610076069831848,0.4290371835231781
7LG2,MHC-Fine,1.536841869354248,3.460166454315185
6ULI,MHC-Fine,0.5051873326301575,0.8571609854698181
6DKP,MHC-Fine,0.4908313751220703,0.9719438552856444
6IEX,MHC-Fine,1.7995049953460691,3.323569059371948
6VM9,MHC-Fine,0.5763782262802124,1.932339191436768
6L9M,MHC-Fine,1.150313377380371,1.9373528957366943
6J1W,MHC-Fine,0.6051074862480164,1.6261581182479858
5VUF,MHC-Fine,0.6497400403022766,1.036220908164978
5VWJ,MHC-Fine,0.8250537514686584,2.7100906372070312
6G9Q,MHC-Fine,0.6409820318222046,2.3357152938842773
7LGD,MHC-Fine,1.6294997930526731,4.429824352264404
7M8S,MHC-Fine,0.658458411693573,1.2523679733276367
6LHG,MHC-Fine,0.6602044701576233,2.1274571418762207
6TRO,MHC-Fine,0.7469605207443237,1.3960226774215698
6WZY,MHC-Fine,0.5911822319030762,0.6624138951301575
6AMU,MHC-Fine,2.230588674545288,3.7831239700317374
6SSA,MHC-Fine,0.9363825917243958,1.156790256500244
5WMN,MHC-Fine,0.3396234810352325,0.8288729786872864
6K60,MHC-Fine,0.4935081303119659,1.7938505411148071
6H6H,MHC-Fine,0.3022567629814148,0.8845090866088867
6AEE,MHC-Fine,0.5301322937011719,1.194651484489441
6O53,MHC-Fine,1.8699408769607544,2.2668027877807617
6KWN,MHC-Fine,0.6359975934028625,1.670161247253418
6MPP,MHC-Fine,2.281200408935547,3.4906365871429443
5WMP,MHC-Fine,1.5427747964859009,1.5738332271575928
6PYV,MHC-Fine,0.5285969376564026,1.14260733127594
5VVP,MHC-Fine,0.3932556509971618,1.5088969469070437
6EWC,MHC-Fine,1.1229697465896606,2.5036709308624268
6O4Y,MHC-Fine,0.3131279647350311,0.3147433698177337
6GL1,MHC-Fine,1.2614909410476685,1.7726455926895142
7MJ9,MHC-Fine,0.5508855581283569,1.8553999662399288
5YMW,MHC-Fine,0.6523199081420898,1.352049469947815
6GGM,MHC-Fine,0.8602521419525146,1.4135209321975708
6VR1,MHC-Fine,0.4533350169658661,1.2239046096801758
6X00,MHC-Fine,0.6309343576431274,0.8205022215843201
6W51,MHC-Fine,0.6309189200401306,2.10219669342041
5VWF,MHC-Fine,1.4160550832748413,2.9681341648101807
5YLX,MHC-Fine,0.5412326455116272,1.48187255859375
6NCA,MHC-Fine,1.3061844110488892,2.8856959342956543
6EWO,MHC-Fine,1.0307267904281616,1.8160854578018188
7LG3,MHC-Fine,0.5292823314666748,0.9748656153678894
6GH4,MHC-Fine,0.708598256111145,1.1961997747421265
6D2T,MHC-Fine,1.5362462997436523,2.300853490829468
6TMO,MHC-Fine,0.3942359983921051,0.8261361718177795
6KWO,MHC-Fine,0.821983814239502,1.6098240613937378
6Z9V,MHC-Fine,0.9869899153709412,3.257600784301758
6MTL,MHC-Fine,1.0114861726760864,2.5838775634765625
6SS8,MHC-Fine,0.9871081113815308,1.1421728134155271
5YMV,MHC-Fine,2.858773708343506,3.7108314037323
7KGO,MHC-Fine,0.449377030134201,1.1806286573410034
6NPR,MHC-Fine,0.4974688589572906,1.067486047744751
6V2P,MHC-Fine,1.0924652814865112,1.7562077045440674
6JTO,MHC-Fine,1.1442506313323977,1.8608570098876955
6PYL,MHC-Fine,0.962104320526123,1.1560380458831787
5VUE,MHC-Fine,0.5162636637687683,1.3777657747268677
6Q3S,MHC-Fine,0.5018162727355957,1.2313262224197388
6PAG,MHC-Fine,0.9634217023849488,1.418023943901062
6LHF,MHC-Fine,0.3969818353652954,1.2626144886016846
6VPZ,MHC-Fine,2.124682664871216,2.856961488723755
6G3K,MHC-Fine,0.526538074016571,1.0717896223068235
7JI2,MHC-Fine,0.2091650664806366,0.7783026695251465
6OPD,MHC-Fine,0.2806229889392853,1.30810546875
6PTE,MHC-Fine,0.3264389038085937,1.0701117515563965
6O9B,MHC-Fine,1.6574828624725342,2.5412909984588623
6ID4,MHC-Fine,0.7906304001808167,1.4095509052276611
6VMC,MHC-Fine,0.5607213377952576,1.898973822593689
8ZV9,PMGen2-distilled (this work),0.7980751469232837,1.8605360051538624
7RTR,PMGen2-distilled (this work),0.5048892819032866,1.5167577079621175
6A6H,PMGen2-distilled (this work),1.6938687615984187,2.411946520275748
6VB7,PMGen2-distilled (this work),1.2646245337982325,1.858390475949283
7MJA,PMGen2-distilled (this work),1.4397032338845284,2.061532349050708
7QPJ,PMGen2-distilled (this work),0.9879489406207974,2.4870800854837736
7MJ6,PMGen2-distilled (this work),0.8413737938247027,1.4474656638776962
7JYV,PMGen2-distilled (this work),0.5554194062825317,1.3831709483306804
6D2B,PMGen2-distilled (this work),1.5773119735198078,3.6501245432410334
6AM5,PMGen2-distilled (this work),1.8535587071256865,1.724190222019136
6VB0,PMGen2-distilled (this work),1.573675638343111,4.231017538960579
7EU2,PMGen2-distilled (this work),0.4263662707095437,2.3125316352405574
7EJM,PMGen2-distilled (this work),0.8122317673622437,2.517062149690789
6VB1,PMGen2-distilled (this work),1.5106994136129526,4.255851526996467
6UZO,PMGen2-distilled (this work),2.339898238972812,2.8421338203780664
7M8U,PMGen2-distilled (this work),0.5706173203458397,1.6294015193115488
6UZP,PMGen2-distilled (this work),1.0679102037280943,1.6421101904491988
6ZKZ,PMGen2-distilled (this work),2.652199076074967,4.400204237580452
6BJ3,PMGen2-distilled (this work),1.1374944478200828,2.4688752986263047
7KGS,PMGen2-distilled (this work),1.6328851938064188,3.2083928465911145
6UZM,PMGen2-distilled (this work),2.5900088098650795,3.212469968177809
7DZN,PMGen2-distilled (this work),1.0639828871626376,1.5332976576033044
6VB4,PMGen2-distilled (this work),2.6746195051067025,3.110003974155097
7DUU,PMGen2-distilled (this work),1.4351646176032349,2.143459995769041
7JWJ,PMGen2-distilled (this work),0.7402515870529578,1.299467689773055
5TS1,PMGen2-distilled (this work),0.7552914063099724,1.4496208030849471
7DZM,PMGen2-distilled (this work),1.0040047486870285,1.4479408576124044
7KGR,PMGen2-distilled (this work),0.8222712346481096,0.9377072877924986
7PHR,PMGen2-distilled (this work),0.4788176134750604,0.9759863980725756
6VB2,PMGen2-distilled (this work),1.499972767829875,4.073074848481865
6ZKW,PMGen2-distilled (this work),0.7225644331923743,1.5859450980290897
7KGQ,PMGen2-distilled (this work),0.5109134264909083,1.4189473551946483
6BJ8,PMGen2-distilled (this work),1.4670300677728556,3.0959948157348745
7N1E,PMGen2-distilled (this work),0.5590580772613091,1.4373385382692987
6D7G,PMGen2-distilled (this work),1.8119430590449284,1.8121346184285976
8YE4,PMGen2-distilled (this work),1.093249396048109,2.6717368213114803
8W6L,PMGen2-distilled (this work),2.025897631330709,3.559970542274732
7EJL,PMGen2-distilled (this work),0.7240341241641046,2.8619820457213847
6JQ3,PMGen2-distilled (this work),0.5466470463917642,1.178489392733992
6UZQ,PMGen2-distilled (this work),2.7571123906158483,4.39490430871531
7JYX,PMGen2-distilled (this work),3.592862095249089,5.47070296805281
6ZKY,PMGen2-distilled (this work),2.7232359763748213,4.489631029821102
6UZS,PMGen2-distilled (this work),1.1412867655946413,1.9595611704658549
7P3E,PMGen2-distilled (this work),0.7679177909095243,1.2943657491123204
6VB3,PMGen2-distilled (this work),1.0150242525504551,1.897688686621486
7EJN,PMGen2-distilled (this work),0.6946581119261152,2.985821896548812
7KGP,PMGen2-distilled (this work),0.6308257564797302,1.4638741542707308
6Q3K,PMGen2-distilled (this work),0.4186675642303221,0.765104425096282
6UZ1,PMGen2-distilled (this work),0.757102951282531,2.045407909718049
6Y29,PMGen2-distilled (this work),0.6552148901014065,1.1960575738870154
6LBE,PMGen2-distilled (this work),1.144649159736582,2.737771657765116
6UJO,PMGen2-distilled (this work),0.850604303062874,1.7381931646252875
7LGT,PMGen2-distilled (this work),1.5607809693628885,3.639258196595261
6KWL,PMGen2-distilled (this work),0.8998539989770497,1.6674577201274303
6D29,PMGen2-distilled (this work),2.764717953460758,3.262354081512663
5VUD,PMGen2-distilled (this work),0.5689927799917829,1.110070292905654
7NUI,PMGen2-distilled (this work),0.6934133254224305,1.828020353558544
5VWH,PMGen2-distilled (this work),0.6085673549327256,1.1937423038406012
6GHN,PMGen2-distilled (this work),0.752186639188928,1.1812553802800303
6VMX,PMGen2-distilled (this work),1.0995155412272029,2.4119749862364785
7JYU,PMGen2-distilled (this work),0.9545386117664167,1.7839637311037986
5WMR,PMGen2-distilled (this work),1.6822135718525892,3.006541017127444
6EWA,PMGen2-distilled (this work),1.2870485723420315,2.0020677674876084
6MT6,PMGen2-distilled (this work),1.460285058525238,2.433535351927036
6UJ7,PMGen2-distilled (this work),1.0136997285407288,2.501941177547395
6J29,PMGen2-distilled (this work),0.8246297121327453,1.5985334359048946
6Y26,PMGen2-distilled (this work),0.6400172560170357,0.945642482221414
6MT4,PMGen2-distilled (this work),1.2976844850889862,2.059017496221335
6TRN,PMGen2-distilled (this work),1.2916710318689124,2.553674331011675
5NPZ,PMGen2-distilled (this work),1.0136907177302892,2.4559511318856275
6Y2A,PMGen2-distilled (this work),0.6305720141397063,1.0136494205288016
6PYJ,PMGen2-distilled (this work),0.541367167594443,0.9622990545491292
6G3J,PMGen2-distilled (this work),1.5851754612554938,1.6401859756202846
6UJ8,PMGen2-distilled (this work),1.252391052040245,3.661495956035915
6V2Q,PMGen2-distilled (this work),1.6982450887441218,3.035541626335396
6SS9,PMGen2-distilled (this work),0.7357609519467235,1.5701198493818065
7K81,PMGen2-distilled (this work),0.586551378016787,1.3160792956452685
6UJQ,PMGen2-distilled (this work),0.6429237658982919,1.821855442874229
7M8T,PMGen2-distilled (this work),0.5241890111853396,1.6999585439537352
6IRL,PMGen2-distilled (this work),1.9157162780116783,2.802102063361603
6J1V,PMGen2-distilled (this work),0.5817944933344544,1.4565880785892598
6RPB,PMGen2-distilled (this work),0.5880291343602025,1.1296022306889002
6V2O,PMGen2-distilled (this work),1.506664651521307,1.5878624527556306
7LFZ,PMGen2-distilled (this work),1.0536694441245196,2.3882007868445623
7JYW,PMGen2-distilled (this work),1.1965267999744018,2.113722445854243
6RSY,PMGen2-distilled (this work),0.6408495441365948,0.9526529869258654
6P2C,PMGen2-distilled (this work),3.283422142089069,5.236751919311973
6R2L,PMGen2-distilled (this work),0.3994983451729113,1.1834369076126003
6MT3,PMGen2-distilled (this work),1.0826912806696865,1.820406899518641
6D78,PMGen2-distilled (this work),2.9824527627919424,3.0334228093601494
5TRZ,PMGen2-distilled (this work),4.078694054126216,6.006612041840162
6XQA,PMGen2-distilled (this work),1.2075281195898535,2.3442479420434696
6MT5,PMGen2-distilled (this work),1.35007607360394,2.610516935539047
6H6D,PMGen2-distilled (this work),0.7313901101348789,1.5600264781797375
6JOZ,PMGen2-distilled (this work),0.4439893221718861,1.0624022825083872
5VWD,PMGen2-distilled (this work),0.797791658273299,1.780057365522042
6L9N,PMGen2-distilled (this work),0.7597018368098558,1.478533512373132
7MJ7,PMGen2-distilled (this work),3.655209346990476,4.576802142732304
6SS7,PMGen2-distilled (this work),0.6698523411775783,1.022399478876702
6O51,PMGen2-distilled (this work),2.701984142441366,3.56092876692219
6J2A,PMGen2-distilled (this work),0.6201566000489428,1.3231497176058231
5YXN,PMGen2-distilled (this work),3.0357391085218315,3.5019308912005847
6ULK,PMGen2-distilled (this work),2.3625343075782697,3.099013215107586
6Z9W,PMGen2-distilled (this work),0.6432939234558686,1.0875155755859582
6VM7,PMGen2-distilled (this work),1.2295418314037283,2.590319210493354
6D2R,PMGen2-distilled (this work),1.85037231744906,2.502792292228343
6PTB,PMGen2-distilled (this work),0.3721898884326179,1.308774737159594
6P2F,PMGen2-distilled (this work),1.035286716147572,1.356248646365812
6O9C,PMGen2-distilled (this work),1.3255956679752543,2.592599901682076
6O4Z,PMGen2-distilled (this work),0.4707256740797222,0.774246074382471
7LG2,PMGen2-distilled (this work),1.102907456448947,2.8532426903548807
6ULI,PMGen2-distilled (this work),1.3819931971236357,2.3282524556486197
6DKP,PMGen2-distilled (this work),1.4928747416279604,1.519260762298833
6IEX,PMGen2-distilled (this work),2.707233830659403,3.867655782114285
6VM9,PMGen2-distilled (this work),1.1817285233623107,2.266233811468679
6L9M,PMGen2-distilled (this work),1.0129311776533154,1.9704969539184205
6J1W,PMGen2-distilled (this work),0.4864291402697601,1.156717357871495
5VUF,PMGen2-distilled (this work),1.3506744696087498,1.5364580141531847
5VWJ,PMGen2-distilled (this work),0.6946281297372818,1.233285533182831
6G9Q,PMGen2-distilled (this work),0.641871671044655,2.3353015305576843
7LGD,PMGen2-distilled (this work),0.5849229914664336,1.7575626068990198
7M8S,PMGen2-distilled (this work),0.875736425160323,2.1063382627463603
6LHG,PMGen2-distilled (this work),3.2060938328621438,4.747942727423934
6TRO,PMGen2-distilled (this work),1.123661010775714,2.413653195982456
6WZY,PMGen2-distilled (this work),0.988013526863852,1.3101985076765017
6AMU,PMGen2-distilled (this work),1.11903534187656,2.646859693962427
6SSA,PMGen2-distilled (this work),0.6848860026570474,1.0271614362328327
5WMN,PMGen2-distilled (this work),0.3183713640035381,0.8707653465566737
6K60,PMGen2-distilled (this work),0.8539051248700834,2.4568873107955578
6H6H,PMGen2-distilled (this work),0.8860959295405778,1.735959519398265
6AEE,PMGen2-distilled (this work),0.5136703563800299,1.5656275756555509
6O53,PMGen2-distilled (this work),2.703295103975201,3.57477012876788
6KWN,PMGen2-distilled (this work),1.0324077005699637,3.0201201272374867
6MPP,PMGen2-distilled (this work),0.7763455556673623,1.2334556999560082
5WMP,PMGen2-distilled (this work),3.707188525968621,4.726417441466451
6PYV,PMGen2-distilled (this work),0.4917219821939332,0.8976133193279435
5VVP,PMGen2-distilled (this work),0.6450616624686192,1.5265112592731582
6EWC,PMGen2-distilled (this work),0.3447446809288347,1.4319151107988526
6O4Y,PMGen2-distilled (this work),0.3296911202866899,0.6945558028064637
6GL1,PMGen2-distilled (this work),1.33767024856191,1.961128220551546
7MJ9,PMGen2-distilled (this work),0.7830228643021228,1.6088532953821186
5YMW,PMGen2-distilled (this work),0.8187128958997318,1.2963397828796668
6GGM,PMGen2-distilled (this work),0.77873887994792,1.446725733740466
6VR1,PMGen2-distilled (this work),0.59512953895121,1.2807922489404455
6X00,PMGen2-distilled (this work),1.6194481373291325,1.9054417094981984
6W51,PMGen2-distilled (this work),0.7718959425395565,1.9179684271264916
5VWF,PMGen2-distilled (this work),0.5715667223941177,2.1507942625448115
5YLX,PMGen2-distilled (this work),1.4415092268365954,1.9976274445999656
6NCA,PMGen2-distilled (this work),0.7845757998749504,1.871708848674693
6EWO,PMGen2-distilled (this work),1.2362699205525347,2.0240345363961003
7LG3,PMGen2-distilled (this work),0.6166219491344614,1.1016349184481
6GH4,PMGen2-distilled (this work),0.6572484221714908,1.1583457682345712
6D2T,PMGen2-distilled (this work),1.3728306596364324,1.6636677610362711
6TMO,PMGen2-distilled (this work),1.6903247122989675,1.8570813552575836
6KWO,PMGen2-distilled (this work),1.0465877928610308,2.876328445187378
6Z9V,PMGen2-distilled (this work),0.91033424405294,3.0216761933968748
6MTL,PMGen2-distilled (this work),0.9903471633807308,1.916664684720465
6SS8,PMGen2-distilled (this work),0.6367068945169402,0.9250122571921104
5YMV,PMGen2-distilled (this work),3.123725964276728,4.255970491423681
7KGO,PMGen2-distilled (this work),0.6242732858372148,1.84477159601291
6NPR,PMGen2-distilled (this work),1.757682612508554,3.1015687709468813
6V2P,PMGen2-distilled (this work),1.5243309676044707,1.637508541474295
6JTO,PMGen2-distilled (this work),1.698787244699999,2.5588180207265583
6PYL,PMGen2-distilled (this work),1.0236771346680311,1.4690287623965468
5VUE,PMGen2-distilled (this work),0.9292422317077054,1.1480579313581736
6Q3S,PMGen2-distilled (this work),0.6546042582514832,1.353514844295208
6PAG,PMGen2-distilled (this work),0.8519120223050797,1.5370528403390002
6LHF,PMGen2-distilled (this work),2.0167596324390806,2.494093942990037
6VPZ,PMGen2-distilled (this work),1.2092038498422657,1.5936789936972051
6G3K,PMGen2-distilled (this work),1.539930015243428,1.5676491299416768
7JI2,PMGen2-distilled (this work),0.5545221924303869,1.2224985668502035
6OPD,PMGen2-distilled (this work),0.583581666492655,1.5600032371108374
6PTE,PMGen2-distilled (this work),0.4122579418479255,1.36471839543665
6O9B,PMGen2-distilled (this work),0.7945951212164135,1.0418333273312474
6ID4,PMGen2-distilled (this work),1.1364775460351233,2.028348427646953
6VMC,PMGen2-distilled (this work),1.2980394360541478,2.4205046751669594
8ZV9,"PMGen2-distilled, foreign MHC groove",0.6163746523310972,1.777331394711936
7RTR,"PMGen2-distilled, foreign MHC groove",0.5696087706708021,1.5284696792275283
6A6H,"PMGen2-distilled, foreign MHC groove",2.0516885054896643,2.6696358842308308
6VB7,"PMGen2-distilled, foreign MHC groove",1.225737747320767,1.8649832447580008
7MJA,"PMGen2-distilled, foreign MHC groove",1.1624088924432376,1.6746430936255774
7QPJ,"PMGen2-distilled, foreign MHC groove",1.0240295464558082,2.4416676049083788
7MJ6,"PMGen2-distilled, foreign MHC groove",0.8184368541014089,1.468264133341055
7JYV,"PMGen2-distilled, foreign MHC groove",0.6474604031812852,1.434495802969985
6D2B,"PMGen2-distilled, foreign MHC groove",1.4809113107167389,3.5650633889321983
6AM5,"PMGen2-distilled, foreign MHC groove",1.647747455498806,1.4953137778793972
6VB0,"PMGen2-distilled, foreign MHC groove",1.6293426530333497,4.232929223847049
7EU2,"PMGen2-distilled, foreign MHC groove",0.5072292082430288,2.4185954874168374
7EJM,"PMGen2-distilled, foreign MHC groove",1.338447381081809,4.075414680849334
6VB1,"PMGen2-distilled, foreign MHC groove",1.5986681220813483,4.298618864463413
6UZO,"PMGen2-distilled, foreign MHC groove",2.2896763337113826,2.756407693219746
7M8U,"PMGen2-distilled, foreign MHC groove",0.92110178184528,1.84976802670145
6UZP,"PMGen2-distilled, foreign MHC groove",2.6517593073815804,3.0934216195645807
6ZKZ,"PMGen2-distilled, foreign MHC groove",2.596503610870456,4.384592554278063
6BJ3,"PMGen2-distilled, foreign MHC groove",0.9087888443081312,1.2133031606207814
7KGS,"PMGen2-distilled, foreign MHC groove",1.5593840989852752,2.9811945691438573
6UZM,"PMGen2-distilled, foreign MHC groove",2.4581568253854664,2.9739710835175157
7DZN,"PMGen2-distilled, foreign MHC groove",0.9053883026343068,1.378356390200957
6VB4,"PMGen2-distilled, foreign MHC groove",2.6704238985768542,3.127950739548609
7DUU,"PMGen2-distilled, foreign MHC groove",1.571034581937461,2.2199988194525773
7JWJ,"PMGen2-distilled, foreign MHC groove",0.7742177438965971,1.5176909584199043
5TS1,"PMGen2-distilled, foreign MHC groove",0.8427890210165274,1.54079093645354
7DZM,"PMGen2-distilled, foreign MHC groove",0.912765745516155,1.3823367613406952
7KGR,"PMGen2-distilled, foreign MHC groove",0.8907923404546827,1.1892460802830505
7PHR,"PMGen2-distilled, foreign MHC groove",0.66617795360179,1.09349578328579
6VB2,"PMGen2-distilled, foreign MHC groove",1.5941446720866057,4.185745328460414
6ZKW,"PMGen2-distilled, foreign MHC groove",0.7055665729786527,1.63146633299054
7KGQ,"PMGen2-distilled, foreign MHC groove",0.6808683089647009,1.5764044287521466
6BJ8,"PMGen2-distilled, foreign MHC groove",2.199423514447113,3.478861325371676
7N1E,"PMGen2-distilled, foreign MHC groove",0.439522796080619,1.400256839858316
6D7G,"PMGen2-distilled, foreign MHC groove",1.6053404219051386,1.5353340617082698
8YE4,"PMGen2-distilled, foreign MHC groove",1.0174480784162123,2.609054403332254
8W6L,"PMGen2-distilled, foreign MHC groove",3.0737890139166986,4.393441208211886
7EJL,"PMGen2-distilled, foreign MHC groove",0.8306368366040531,2.952582003684813
6JQ3,"PMGen2-distilled, foreign MHC groove",0.6706158058062015,1.2546392370636763
6UZQ,"PMGen2-distilled, foreign MHC groove",0.9578024824186802,1.9034256781574923
7JYX,"PMGen2-distilled, foreign MHC groove",3.442999004354891,5.387377792683257
6ZKY,"PMGen2-distilled, foreign MHC groove",2.6789025816797323,4.442132967868095
6UZS,"PMGen2-distilled, foreign MHC groove",1.1495811159992086,1.9593634602075152
7P3E,"PMGen2-distilled, foreign MHC groove",0.8062555915448184,1.4257062122514703
6VB3,"PMGen2-distilled, foreign MHC groove",1.0987154746991046,2.01018488670612
7EJN,"PMGen2-distilled, foreign MHC groove",0.8512669240932955,3.008703449561512
7KGP,"PMGen2-distilled, foreign MHC groove",0.7039526955296134,1.4245706013176511
6Q3K,"PMGen2-distilled, foreign MHC groove",0.4050781472735621,0.7757409639016137
6UZ1,"PMGen2-distilled, foreign MHC groove",0.7643053826062045,2.05971712524409
6Y29,"PMGen2-distilled, foreign MHC groove",0.6677927692248271,1.1705710076935292
6LBE,"PMGen2-distilled, foreign MHC groove",2.0218332369365783,3.480687764114828
6UJO,"PMGen2-distilled, foreign MHC groove",0.8136652121328809,1.6449546716694012
7LGT,"PMGen2-distilled, foreign MHC groove",1.6134159732727575,3.8836922090889567
6KWL,"PMGen2-distilled, foreign MHC groove",0.9790871858685788,1.7113872024090482
6D29,"PMGen2-distilled, foreign MHC groove",1.362545095775623,3.667513094659644
5VUD,"PMGen2-distilled, foreign MHC groove",0.5865299515815513,1.1157068763558495
7NUI,"PMGen2-distilled, foreign MHC groove",0.7744771892052524,2.245050626883183
5VWH,"PMGen2-distilled, foreign MHC groove",0.57771438138284,1.0960216292502496
6GHN,"PMGen2-distilled, foreign MHC groove",0.8583558668381416,1.206757928247011
6VMX,"PMGen2-distilled, foreign MHC groove",1.225827732183871,2.725186100617669
7JYU,"PMGen2-distilled, foreign MHC groove",1.319532952623041,2.043582378421392
5WMR,"PMGen2-distilled, foreign MHC groove",3.5943337073698207,4.05391788637132
6EWA,"PMGen2-distilled, foreign MHC groove",1.318767891041094,2.0450482835344355
6MT6,"PMGen2-distilled, foreign MHC groove",1.4435578667192497,2.394702735937704
6UJ7,"PMGen2-distilled, foreign MHC groove",0.982111238342114,2.4814467312239428
6J29,"PMGen2-distilled, foreign MHC groove",1.002235294206247,1.7843014665357977
6Y26,"PMGen2-distilled, foreign MHC groove",0.6643540521905703,0.9977229765905588
6MT4,"PMGen2-distilled, foreign MHC groove",1.3131250180783582,2.0829275235390434
6TRN,"PMGen2-distilled, foreign MHC groove",1.676566805324323,3.003986840149501
5NPZ,"PMGen2-distilled, foreign MHC groove",0.6686878404181689,1.9786331782409297
6Y2A,"PMGen2-distilled, foreign MHC groove",0.6055060819750694,0.9613293529795018
6PYJ,"PMGen2-distilled, foreign MHC groove",0.5934805827985176,0.9205345710207512
6G3J,"PMGen2-distilled, foreign MHC groove",1.5415382803717206,1.598114089384843
6UJ8,"PMGen2-distilled, foreign MHC groove",1.3751218429264154,3.716244332291307
6V2Q,"PMGen2-distilled, foreign MHC groove",1.710829553492052,3.0091182624150146
6SS9,"PMGen2-distilled, foreign MHC groove",0.8244364232435046,1.6305945345700743
7K81,"PMGen2-distilled, foreign MHC groove",0.8554447970996878,1.4471205393272135
6UJQ,"PMGen2-distilled, foreign MHC groove",0.6847499574733605,1.8866942015483927
7M8T,"PMGen2-distilled, foreign MHC groove",0.57109515769339,1.8012928132232928
6IRL,"PMGen2-distilled, foreign MHC groove",4.810995179015361,5.584301434896442
6J1V,"PMGen2-distilled, foreign MHC groove",0.595795317353635,1.5255513660873488
6RPB,"PMGen2-distilled, foreign MHC groove",0.6885475823689521,1.032872332842746
6V2O,"PMGen2-distilled, foreign MHC groove",1.395612597100324,1.5010460709567783
7LFZ,"PMGen2-distilled, foreign MHC groove",1.0779954788727255,2.364994690951423
7JYW,"PMGen2-distilled, foreign MHC groove",1.0776704667560184,1.879061741524005
6RSY,"PMGen2-distilled, foreign MHC groove",0.6159674749938758,1.0067847695190697
6P2C,"PMGen2-distilled, foreign MHC groove",3.300226912563541,5.222462770541074
6R2L,"PMGen2-distilled, foreign MHC groove",0.6253958968581923,1.3822135785338736
6MT3,"PMGen2-distilled, foreign MHC groove",1.1450117079201343,1.6805940706828209
6D78,"PMGen2-distilled, foreign MHC groove",2.985680587565075,3.1457101872454487
5TRZ,"PMGen2-distilled, foreign MHC groove",4.3299161665330566,6.156088871034582
6XQA,"PMGen2-distilled, foreign MHC groove",0.6534937315093532,1.1931163316031137
6MT5,"PMGen2-distilled, foreign MHC groove",1.2648945643036325,2.300032318884118
6H6D,"PMGen2-distilled, foreign MHC groove",1.2416742765790083,1.9336687686190968
6JOZ,"PMGen2-distilled, foreign MHC groove",0.4865907358522253,1.0847099773569242
5VWD,"PMGen2-distilled, foreign MHC groove",0.8126255020291988,1.916525729895836
6L9N,"PMGen2-distilled, foreign MHC groove",0.8465651236881557,1.5505995323901884
7MJ7,"PMGen2-distilled, foreign MHC groove",3.814707244476957,4.753658218475259
6SS7,"PMGen2-distilled, foreign MHC groove",0.839033023542181,1.1689996273175651
6O51,"PMGen2-distilled, foreign MHC groove",1.7706086979915114,2.1372366398588643
6J2A,"PMGen2-distilled, foreign MHC groove",0.4971994940747988,1.1783897398035763
5YXN,"PMGen2-distilled, foreign MHC groove",1.6227934315434798,1.745807680935896
6ULK,"PMGen2-distilled, foreign MHC groove",2.1010152762328858,2.8589805419833003
6Z9W,"PMGen2-distilled, foreign MHC groove",0.8342926075130411,1.9777771610414168
6VM7,"PMGen2-distilled, foreign MHC groove",1.3392971395206386,2.770375731810482
6D2R,"PMGen2-distilled, foreign MHC groove",1.8095622602573336,2.5413652253880845
6PTB,"PMGen2-distilled, foreign MHC groove",0.4518742302036623,1.3777073144440433
6P2F,"PMGen2-distilled, foreign MHC groove",0.9682101715917676,1.306492125786869
6O9C,"PMGen2-distilled, foreign MHC groove",1.3295925480560398,2.752874042134814
6O4Z,"PMGen2-distilled, foreign MHC groove",0.5993429509055748,0.8832479101490368
7LG2,"PMGen2-distilled, foreign MHC groove",1.2777991822919654,2.906050571267639
6ULI,"PMGen2-distilled, foreign MHC groove",1.4897871394509683,2.446563290923312
6DKP,"PMGen2-distilled, foreign MHC groove",1.5833590481898046,1.690814447385942
6IEX,"PMGen2-distilled, foreign MHC groove",1.0294967273482614,1.3926422852385414
6VM9,"PMGen2-distilled, foreign MHC groove",1.28425870163567,2.2995148326671964
6L9M,"PMGen2-distilled, foreign MHC groove",0.8594037792231308,1.668482587872932
6J1W,"PMGen2-distilled, foreign MHC groove",0.5979685058408372,1.2029893097094295
5VUF,"PMGen2-distilled, foreign MHC groove",1.3373925027048177,1.5763016268793038
5VWJ,"PMGen2-distilled, foreign MHC groove",0.7363731950945751,1.2189398481516172
6G9Q,"PMGen2-distilled, foreign MHC groove",1.2662681706380872,2.3257633419691577
7LGD,"PMGen2-distilled, foreign MHC groove",0.6219882236699296,1.9719842437067947
7M8S,"PMGen2-distilled, foreign MHC groove",1.0674569293425435,2.1593222765909665
6LHG,"PMGen2-distilled, foreign MHC groove",2.499787228328206,3.165491819705406
6TRO,"PMGen2-distilled, foreign MHC groove",1.3299361829964156,2.9163768711154074
6WZY,"PMGen2-distilled, foreign MHC groove",1.0305230002019838,1.340939494017069
6AMU,"PMGen2-distilled, foreign MHC groove",2.316824856847421,3.712311603594535
6SSA,"PMGen2-distilled, foreign MHC groove",0.8929251546013067,1.2913053972613715
5WMN,"PMGen2-distilled, foreign MHC groove",0.4374929932834801,0.9862668820567974
6K60,"PMGen2-distilled, foreign MHC groove",2.244678547410183,3.2331535325920653
6H6H,"PMGen2-distilled, foreign MHC groove",1.2263273303242324,1.932813975853652
6AEE,"PMGen2-distilled, foreign MHC groove",0.6605781454149943,1.7674723712604257
6O53,"PMGen2-distilled, foreign MHC groove",2.8739234282446997,3.7269572790896057
6KWN,"PMGen2-distilled, foreign MHC groove",0.9619953714200796,2.98867704601918
6MPP,"PMGen2-distilled, foreign MHC groove",1.054280077208271,1.6278832206108578
5WMP,"PMGen2-distilled, foreign MHC groove",1.577218588721347,1.672496001364156
6PYV,"PMGen2-distilled, foreign MHC groove",0.4992682074995277,0.8991827974387435
5VVP,"PMGen2-distilled, foreign MHC groove",0.7234772720363531,1.6220305982044905
6EWC,"PMGen2-distilled, foreign MHC groove",0.5353331701105019,1.5214876637759949
6O4Y,"PMGen2-distilled, foreign MHC groove",0.4714558372972844,0.7611247925706022
6GL1,"PMGen2-distilled, foreign MHC groove",1.2984998853993166,1.973318088577627
7MJ9,"PMGen2-distilled, foreign MHC groove",0.8342703442790659,1.7887092608449382
5YMW,"PMGen2-distilled, foreign MHC groove",0.8577683389365144,1.3100539099337642
6GGM,"PMGen2-distilled, foreign MHC groove",0.9405872513609688,1.6533005004644132
6VR1,"PMGen2-distilled, foreign MHC groove",0.7323595233874944,1.481135813096229
6X00,"PMGen2-distilled, foreign MHC groove",1.6119078346342186,1.9243235378699892
6W51,"PMGen2-distilled, foreign MHC groove",0.944732687277575,2.266120246667102
5VWF,"PMGen2-distilled, foreign MHC groove",0.6028111013667377,2.172901660965216
5YLX,"PMGen2-distilled, foreign MHC groove",1.5159801445081087,2.284505013155675
6NCA,"PMGen2-distilled, foreign MHC groove",0.6711342909624929,1.7228391652499089
6EWO,"PMGen2-distilled, foreign MHC groove",1.3132775079881862,2.1202930013409342
7LG3,"PMGen2-distilled, foreign MHC groove",0.6504932095665727,1.1439765032042597
6GH4,"PMGen2-distilled, foreign MHC groove",0.8847075098537339,1.392223510248527
6D2T,"PMGen2-distilled, foreign MHC groove",0.895795940914323,1.294399959437842
6TMO,"PMGen2-distilled, foreign MHC groove",1.6826582698207972,1.8980341483741272
6KWO,"PMGen2-distilled, foreign MHC groove",1.6498412766473938,3.3283493788149534
6Z9V,"PMGen2-distilled, foreign MHC groove",0.9988608791567531,3.5144262978402594
6MTL,"PMGen2-distilled, foreign MHC groove",1.3398114515322637,3.4194431427497403
6SS8,"PMGen2-distilled, foreign MHC groove",0.836194152825503,1.1044457508512515
5YMV,"PMGen2-distilled, foreign MHC groove",3.101427191027625,4.183960363258731
7KGO,"PMGen2-distilled, foreign MHC groove",0.691634210330466,1.989179739387242
6NPR,"PMGen2-distilled, foreign MHC groove",2.06260829003116,3.282021595197649
6V2P,"PMGen2-distilled, foreign MHC groove",1.4225627128730367,1.5640942996210263
6JTO,"PMGen2-distilled, foreign MHC groove",1.6986388965068242,2.5548678173206234
6PYL,"PMGen2-distilled, foreign MHC groove",1.0650978264566944,1.5312331049110046
5VUE,"PMGen2-distilled, foreign MHC groove",0.8822122915448112,1.1619418135354456
6Q3S,"PMGen2-distilled, foreign MHC groove",0.7018089420287734,1.3299462114698255
6PAG,"PMGen2-distilled, foreign MHC groove",1.09795010561662,1.7710306388938402
6LHF,"PMGen2-distilled, foreign MHC groove",2.091947601455176,2.5779815757225544
6VPZ,"PMGen2-distilled, foreign MHC groove",1.2715757596226436,1.6619187432735372
6G3K,"PMGen2-distilled, foreign MHC groove",1.625753064211435,1.5585645374328356
7JI2,"PMGen2-distilled, foreign MHC groove",0.4710458189618012,1.1298084075172936
6OPD,"PMGen2-distilled, foreign MHC groove",0.6116124505674774,1.7520097192701345
6PTE,"PMGen2-distilled, foreign MHC groove",0.5594837511035228,1.531307287460241
6O9B,"PMGen2-distilled, foreign MHC groove",0.865593061432723,1.045807022165741
6ID4,"PMGen2-distilled, foreign MHC groove",0.6528472004274084,1.4310541243548716
6VMC,"PMGen2-distilled, foreign MHC groove",1.390609664458328,2.484595801493405
8ZV9,PMGen+TE,1.8167391,4.3272786
7RTR,PMGen+TE,0.5907758,1.5985897
6A6H,PMGen+TE,1.9061635,2.2871246
6VB7,PMGen+TE,0.7662761,1.8150935
7MJA,PMGen+TE,1.4382915,2.1828375
7QPJ,PMGen+TE,1.0807266,2.6282604
7MJ6,PMGen+TE,1.3435276,2.371619
7JYV,PMGen+TE,1.2376716,2.4009411
6D2B,PMGen+TE,1.8942404,2.3082387
6AM5,PMGen+TE,1.7809061,2.1911325
6VB0,PMGen+TE,1.9273521,4.9843564
7EU2,PMGen+TE,0.5446507,1.0683827
7EJM,PMGen+TE,1.6585995,4.3300266
6VB1,PMGen+TE,1.1932211,1.8540118
6UZO,PMGen+TE,1.6743503,2.3623276
7M8U,PMGen+TE,1.8511173,3.453222
6UZP,PMGen+TE,1.6571009,1.8071953
6ZKZ,PMGen+TE,1.4700273,2.9684875
6BJ3,PMGen+TE,0.50585485,0.9996148
7KGS,PMGen+TE,1.0674483,1.8576502
6UZM,PMGen+TE,1.6016644,2.046853
7DZN,PMGen+TE,1.2506692,2.5551507
6VB4,PMGen+TE,1.8555903,2.4205258
7DUU,PMGen+TE,1.9645364,2.6631157
7JWJ,PMGen+TE,0.5279713,1.2159092
5TS1,PMGen+TE,0.55475503,0.97375107
7DZM,PMGen+TE,1.0625072,1.5703938
7KGR,PMGen+TE,0.6493048,1.7359104
7PHR,PMGen+TE,1.2743344,1.8007371
6VB2,PMGen+TE,1.8745364,4.962796
6ZKW,PMGen+TE,0.5168537,1.3361945
7KGQ,PMGen+TE,0.9373844,1.9030147
6BJ8,PMGen+TE,2.2240736,3.8267574
7N1E,PMGen+TE,0.9088395,1.3806819
6D7G,PMGen+TE,3.2489064,3.7292018
8YE4,PMGen+TE,1.645778,3.774333
8W6L,PMGen+TE,2.4678204,3.6573262
7EJL,PMGen+TE,1.6620113,4.336168
6JQ3,PMGen+TE,0.31393844,1.0350913
6UZQ,PMGen+TE,1.5959322,2.2771857
7JYX,PMGen+TE,0.3806891,1.3100466
6ZKY,PMGen+TE,1.6561861,2.5198412
6UZS,PMGen+TE,1.5375649,2.3384674
7P3E,PMGen+TE,0.8095514,1.5138465
6VB3,PMGen+TE,1.5259626,2.4692018
7EJN,PMGen+TE,1.3690699,4.23076
7KGP,PMGen+TE,0.6652274,1.0736399
6Q3K,PMGen+TE,0.43950513,1.0680232
6UZ1,PMGen+TE,0.5230522,1.1969274
6Y29,PMGen+TE,0.8921709,1.5407166
6LBE,PMGen+TE,2.102695,3.4359221
6UJO,PMGen+TE,0.9159959,1.8594149
7LGT,PMGen+TE,1.9758898,4.3893843
6KWL,PMGen+TE,0.92989784,1.7420386
6D29,PMGen+TE,1.601145,3.6871803
5VUD,PMGen+TE,0.84054214,1.2774992
7NUI,PMGen+TE,0.45399797,0.9768059
5VWH,PMGen+TE,0.8963914,1.2060562
6GHN,PMGen+TE,1.1990082,1.8538984
6VMX,PMGen+TE,0.67941904,1.4999865
7JYU,PMGen+TE,1.2408843,2.1212637
5WMR,PMGen+TE,0.76994383,1.5392642
6EWA,PMGen+TE,0.531453,1.1392292
6MT6,PMGen+TE,0.84375197,1.3841965
6UJ7,PMGen+TE,0.39214116,0.5760628
6J29,PMGen+TE,1.630644,2.4194257
6Y26,PMGen+TE,0.49134165,0.83025867
6MT4,PMGen+TE,1.0488756,1.8257432
6TRN,PMGen+TE,0.9298951,2.5776947
5NPZ,PMGen+TE,0.44124234,1.1294041
6Y2A,PMGen+TE,0.61266965,1.1666553
6PYJ,PMGen+TE,0.7143629,0.9856775
6G3J,PMGen+TE,2.3115692,2.8028173
6UJ8,PMGen+TE,0.3168318,0.6997241
6V2Q,PMGen+TE,1.9797423,3.0564861
6SS9,PMGen+TE,0.45800504,1.5101119
7K81,PMGen+TE,0.32279584,1.1402259
6UJQ,PMGen+TE,0.78291225,1.5069741
7M8T,PMGen+TE,1.1312497,3.0570712
6IRL,PMGen+TE,0.9481362,2.1237762
6J1V,PMGen+TE,0.8708495,1.5974323
6RPB,PMGen+TE,0.74737877,1.6707618
6V2O,PMGen+TE,1.0833238,1.3084139
7LFZ,PMGen+TE,1.1082606,2.513935
7JYW,PMGen+TE,0.9182903,1.7652105
6RSY,PMGen+TE,0.6688726,1.060088
6P2C,PMGen+TE,3.2605655,5.8085647
6R2L,PMGen+TE,0.69089085,1.4812365
6MT3,PMGen+TE,2.3556907,3.8271232
6D78,PMGen+TE,3.2690697,3.9540634
5TRZ,PMGen+TE,4.4645424,5.575257
6XQA,PMGen+TE,1.4104695,2.0371184
6MT5,PMGen+TE,1.91788,3.9487007
6H6D,PMGen+TE,0.51018953,1.0002322
6JOZ,PMGen+TE,0.58353883,2.304106
5VWD,PMGen+TE,1.2349272,2.688444
6L9N,PMGen+TE,1.5104885,2.223746
7MJ7,PMGen+TE,2.9302528,4.250821
6SS7,PMGen+TE,0.84022635,0.8557734
6O51,PMGen+TE,2.66313,2.621407
6J2A,PMGen+TE,1.8440312,3.7942977
5YXN,PMGen+TE,2.0931458,1.9654523
6ULK,PMGen+TE,2.241685,3.4288843
6Z9W,PMGen+TE,1.3118857,4.1556563
6VM7,PMGen+TE,0.5080007,1.5168928
6D2R,PMGen+TE,3.3994634,4.2033715
6PTB,PMGen+TE,0.39260945,1.5531689
6P2F,PMGen+TE,2.9898064,4.8279724
6O9C,PMGen+TE,0.42334473,0.95659965
6O4Z,PMGen+TE,0.39630225,0.7098797
7LG2,PMGen+TE,1.901887,3.78762
6ULI,PMGen+TE,0.23084064,1.1836138
6DKP,PMGen+TE,2.0219672,1.8462762
6IEX,PMGen+TE,2.9125695,3.8194869
6VM9,PMGen+TE,1.4920595,2.9371653
6L9M,PMGen+TE,1.0747147,2.2100613
6J1W,PMGen+TE,0.6923742,1.3781207
5VUF,PMGen+TE,1.0128092,1.300268
5VWJ,PMGen+TE,0.69526,1.4039494
6G9Q,PMGen+TE,1.4195483,3.397774
7LGD,PMGen+TE,0.453252,2.7449992
7M8S,PMGen+TE,0.9849173,1.789898
6LHG,PMGen+TE,0.45786604,1.1049155
6TRO,PMGen+TE,0.82341385,1.7697995
6WZY,PMGen+TE,1.9223061,2.5290897
6AMU,PMGen+TE,2.2582483,3.5592778
6SSA,PMGen+TE,1.0136172,2.0547113
5WMN,PMGen+TE,0.8090107,1.0633568
6K60,PMGen+TE,0.652397,2.227751
6H6H,PMGen+TE,1.5082406,2.4528265
6AEE,PMGen+TE,0.46125138,1.1265184
6O53,PMGen+TE,1.452626,1.3877095
6KWN,PMGen+TE,0.52428347,3.1203978
6MPP,PMGen+TE,1.2085856,1.7579987
5WMP,PMGen+TE,0.94267535,1.2625662
6PYV,PMGen+TE,0.52266145,0.82407695
5VVP,PMGen+TE,1.0845963,2.589078
6EWC,PMGen+TE,1.0457143,1.8468441
6O4Y,PMGen+TE,0.77911544,1.1151143
6GL1,PMGen+TE,0.8995258,1.1192418
7MJ9,PMGen+TE,0.5224223,1.5600343
5YMW,PMGen+TE,0.40757507,1.314343
6GGM,PMGen+TE,0.72907794,1.4800285
6VR1,PMGen+TE,0.48580217,1.585649
6X00,PMGen+TE,0.5235129,0.74885446
6W51,PMGen+TE,0.5016812,1.785808
5VWF,PMGen+TE,1.0253105,2.9951468
5YLX,PMGen+TE,0.84168977,1.7012815
6NCA,PMGen+TE,1.1328989,2.4926565
6EWO,PMGen+TE,1.5845782,2.4473433
7LG3,PMGen+TE,0.5864519,1.1577168
6GH4,PMGen+TE,0.61674064,1.0065155
6D2T,PMGen+TE,1.2949998,1.7751266
6TMO,PMGen+TE,1.2826396,1.6092286
6KWO,PMGen+TE,0.49535894,2.2951794
6Z9V,PMGen+TE,1.3358064,4.446407
6MTL,PMGen+TE,2.0612166,3.9007978
6SS8,PMGen+TE,0.738644,0.94142085
5YMV,PMGen+TE,3.374805,4.8386984
7KGO,PMGen+TE,1.2335614,2.9011314
6NPR,PMGen+TE,1.9742494,2.8100388
6V2P,PMGen+TE,1.2265596,1.6033003
6JTO,PMGen+TE,1.4222915,3.1552312
6PYL,PMGen+TE,1.1850291,1.8129034
5VUE,PMGen+TE,0.7977238,1.4825709
6Q3S,PMGen+TE,0.49213535,2.8265069
6PAG,PMGen+TE,0.68367064,1.1840572
6LHF,PMGen+TE,0.43767706,1.3517523
6VPZ,PMGen+TE,2.612819,3.6108212
6G3K,PMGen+TE,1.0676783,1.6295099
7JI2,PMGen+TE,0.30868772,1.2814257
6OPD,PMGen+TE,0.46510226,0.980905
6PTE,PMGen+TE,0.49340034,1.3495895
6O9B,PMGen+TE,0.25222537,0.43922058
6ID4,PMGen+TE,0.58408296,1.5935491
6VMC,PMGen+TE,1.1975106,2.2028525
8ZV9,Pandora,1.9302349,4.199726
7RTR,Pandora,1.8571161,4.8125186
6A6H,Pandora,2.1627073,3.299068
6VB7,Pandora,1.7323152,2.2023358
7MJA,Pandora,1.7952716,3.2825189
7QPJ,Pandora,1.8712444,3.1523058
7MJ6,Pandora,0.55199707,1.0961323
7JYV,Pandora,1.7958338,3.9617586
6D2B,Pandora,1.7014667,2.733071
6AM5,Pandora,1.9447334,1.6508791
6VB0,Pandora,1.7232367,3.879962
7EU2,Pandora,0.8918004,2.5111043
7EJM,Pandora,2.4098716,3.6131794
6VB1,Pandora,2.046569,3.6013322
6UZO,Pandora,2.2454612,2.9985893
7M8U,Pandora,2.5822613,3.7690525
6UZP,Pandora,2.4512374,3.1777284
6ZKZ,Pandora,1.3117629,2.397907
6BJ3,Pandora,1.7630439,4.379145
7KGS,Pandora,2.1145167,3.935084
6UZM,Pandora,1.8457763,2.6964266
7DZN,Pandora,1.3668075,2.6411803
6VB4,Pandora,2.2223003,2.7355459
7DUU,Pandora,2.3451989,3.1677487
7JWJ,Pandora,0.5718736,1.449092
5TS1,Pandora,0.7565741,1.5810261
7DZM,Pandora,2.5932496,4.5979886
7KGR,Pandora,2.5225065,3.764058
7PHR,Pandora,1.4190949,2.0539865
6VB2,Pandora,1.6114732,3.0281851
6ZKW,Pandora,2.1601648,3.3718095
7KGQ,Pandora,1.6956232,3.3488507
6BJ8,Pandora,2.3605108,4.192839
7N1E,Pandora,1.5251656,3.858094
6D7G,Pandora,1.9169971,2.5153525
8YE4,Pandora,1.5524825,2.5876834
8W6L,Pandora,1.6393265,3.4492328
7EJL,Pandora,1.7245177,4.5116224
6JQ3,Pandora,0.45866126,1.8468043
6UZQ,Pandora,1.2564827,2.1059687
7JYX,Pandora,1.9893337,3.1280107
6ZKY,Pandora,2.1827967,3.5430088
6UZS,Pandora,1.5279895,3.1392303
7P3E,Pandora,1.8179371,4.258399
6VB3,Pandora,1.7460535,2.8030975
7EJN,Pandora,2.0608037,4.86494
7KGP,Pandora,1.5375415,4.0181913
6Q3K,Pandora,0.5159555,1.4564997
6UZ1,Pandora,0.8175109,2.2747638
6Y29,Pandora,1.5124497,3.2907267
6LBE,Pandora,2.0942178,3.5446577
6UJO,Pandora,1.1159,2.2023666
7LGT,Pandora,1.7072772,3.4901056
6KWL,Pandora,1.0748422,1.6899716
6D29,Pandora,1.923366,4.089554
5VUD,Pandora,2.0350235,3.914989
7NUI,Pandora,1.4735256,5.3086157
5VWH,Pandora,1.1259981,1.697521
6GHN,Pandora,1.0507913,1.8786582
6VMX,Pandora,1.4938145,2.6021473
7JYU,Pandora,1.5344752,3.473044
5WMR,Pandora,2.1205852,3.5588503
6EWA,Pandora,0.9222362,2.394098
6MT6,Pandora,2.401765,4.450463
6UJ7,Pandora,0.9657448,1.7739017
6J29,Pandora,1.8672484,4.2000895
6Y26,Pandora,1.0576533,1.9518731
6MT4,Pandora,1.5322845,3.666332
6TRN,Pandora,1.2541364,4.077052
5NPZ,Pandora,1.6156939,2.9525979
6Y2A,Pandora,0.777376,1.9683002
6PYJ,Pandora,2.4343686,4.13668
6G3J,Pandora,3.612828,4.669522
6UJ8,Pandora,1.8808497,4.498785
6V2Q,Pandora,1.7292302,3.7090816
6SS9,Pandora,2.054421,3.25363
7K81,Pandora,0.4466086,1.2291881
6UJQ,Pandora,1.6170104,4.0221343
7M8T,Pandora,1.2825848,3.0603898
6IRL,Pandora,1.1278057,3.0129955
6J1V,Pandora,1.6076373,2.9500163
6RPB,Pandora,0.9081399,2.1795115
6V2O,Pandora,1.1454538,1.7687919
7LFZ,Pandora,1.3648586,3.2686937
7JYW,Pandora,1.7010194,3.9406922
6RSY,Pandora,0.90278083,2.237171
6P2C,Pandora,2.5658705,3.0598178
6R2L,Pandora,2.0567653,3.496488
6MT3,Pandora,2.3604772,3.6385076
6D78,Pandora,3.304113,3.838838
5TRZ,Pandora,4.3004923,5.4131985
6XQA,Pandora,1.7076204,3.062749
6MT5,Pandora,2.2938366,4.7723637
6H6D,Pandora,0.69421804,1.661843
6JOZ,Pandora,0.79060215,1.89046
5VWD,Pandora,1.0919908,2.8836896
6L9N,Pandora,1.3181819,2.7072878
7MJ7,Pandora,3.4106898,4.3151197
6SS7,Pandora,1.8988107,3.3756483
6O51,Pandora,4.1108727,4.312802
6J2A,Pandora,2.0303628,3.841982
5YXN,Pandora,1.8652285,2.088456
6ULK,Pandora,1.1699612,1.5600376
6Z9W,Pandora,1.9424701,5.8339496
6VM7,Pandora,0.6011091,2.1804907
6D2R,Pandora,3.5667517,4.944686
6PTB,Pandora,1.5444219,3.365477
6P2F,Pandora,2.4981303,2.305483
6O9C,Pandora,0.4387233,0.95577186
6O4Z,Pandora,0.63211435,1.3117061
7LG2,Pandora,1.3679906,3.1807165
6ULI,Pandora,0.34260386,1.6091602
6DKP,Pandora,2.979342,4.146877
6IEX,Pandora,2.799231,3.677425
6VM9,Pandora,2.0228298,3.6065612
6L9M,Pandora,1.1830562,2.5460246
6J1W,Pandora,1.2489748,2.5054662
5VUF,Pandora,1.4860997,2.8452826
5VWJ,Pandora,0.86660093,1.7135005
6G9Q,Pandora,1.7005733,3.909565
7LGD,Pandora,1.1634735,3.3401897
7M8S,Pandora,1.8904518,3.0614762
6LHG,Pandora,0.5219675,1.7323654
6TRO,Pandora,0.9450301,2.2635124
6WZY,Pandora,2.4576914,3.534218
6AMU,Pandora,1.8012055,3.3772368
6SSA,Pandora,1.3178663,2.5539377
5WMN,Pandora,1.1868879,1.9585445
6K60,Pandora,0.8708732,3.094231
6H6H,Pandora,2.5820045,3.6917727
6AEE,Pandora,2.3790886,4.464089
6O53,Pandora,2.1942947,2.7660599
6KWN,Pandora,1.3950969,3.7805204
6MPP,Pandora,1.5695996,2.5115094
5WMP,Pandora,1.1833941,3.2113688
6PYV,Pandora,0.5495295,1.3879952
5VVP,Pandora,0.9415537,2.7010105
6EWC,Pandora,0.45807257,1.5393728
6O4Y,Pandora,0.6857541,1.292299
6GL1,Pandora,2.0924587,3.1544433
7MJ9,Pandora,2.2670927,4.8923345
5YMW,Pandora,0.4430101,1.1997483
6GGM,Pandora,0.695304,1.3167291
6VR1,Pandora,0.8691138,2.0585833
6X00,Pandora,2.4483523,3.2119548
6W51,Pandora,1.2426169,3.722432
5VWF,Pandora,0.84579355,3.2201443
5YLX,Pandora,1.3686193,2.4520676
6NCA,Pandora,1.201993,2.834065
6EWO,Pandora,1.4841834,3.4165738
7LG3,Pandora,0.7653151,1.6692927
6GH4,Pandora,1.9720315,2.8207655
6D2T,Pandora,3.0058799,3.7113092
6TMO,Pandora,2.7467,4.096269
6KWO,Pandora,1.9144161,3.0075836
6Z9V,Pandora,1.7145741,5.257148
6MTL,Pandora,1.3380336,3.1873267
6SS8,Pandora,0.91840935,1.2034934
5YMV,Pandora,3.8932602,5.121195
7KGO,Pandora,1.4017328,3.3476572
6NPR,Pandora,2.2826078,3.7001228
6V2P,Pandora,1.8001463,2.551293
6JTO,Pandora,1.6049001,2.9398723
6PYL,Pandora,1.2953659,1.810248
5VUE,Pandora,0.61293304,1.3752009
6Q3S,Pandora,1.2105527,3.6419299
6PAG,Pandora,0.62752837,1.8586831
6LHF,Pandora,0.3457134,2.213329
6VPZ,Pandora,2.5902808,3.7338839
6G3K,Pandora,3.5609581,4.286852
7JI2,Pandora,0.44984704,1.309545
6OPD,Pandora,0.7064228,1.6375293
6PTE,Pandora,1.9844161,3.6256118
6O9B,Pandora,1.9975342,3.2822926
6ID4,Pandora,0.4999021,1.9518517
6VMC,Pandora,1.5091586,2.3260272
8ZV9,AF-Multimer,4.5422153,7.0051856
7RTR,AF-Multimer,0.3966387,1.5814439
6A6H,AF-Multimer,3.3761969,4.8238163
6VB7,AF-Multimer,1.6993693,2.3167713
7MJA,AF-Multimer,1.7619609,2.5083208
7QPJ,AF-Multimer,1.0878309,1.7189966
7MJ6,AF-Multimer,1.6601691,2.6037836
7JYV,AF-Multimer,0.612985,1.4405012
6D2B,AF-Multimer,2.5892646,3.1160986
6AM5,AF-Multimer,2.4727829,3.6969066
6VB0,AF-Multimer,2.162672,4.796656
7EU2,AF-Multimer,0.59205014,2.9936519
7EJM,AF-Multimer,12.400305,12.0994425
6VB1,AF-Multimer,2.1884766,4.980534
6UZO,AF-Multimer,1.9959935,3.7408535
7M8U,AF-Multimer,1.8374629,3.3214343
6UZP,AF-Multimer,1.579257,1.8045827
6ZKZ,AF-Multimer,1.2667876,2.281245
6BJ3,AF-Multimer,2.1179488,4.048204
7KGS,AF-Multimer,11.406965,11.494933
6UZM,AF-Multimer,1.5852748,2.137742
7DZN,AF-Multimer,0.80695385,1.4831614
6VB4,AF-Multimer,3.1541634,4.5311413
7DUU,AF-Multimer,1.1047794,1.3755139
7JWJ,AF-Multimer,4.836721,5.2697806
5TS1,AF-Multimer,11.143282,11.973798
7DZM,AF-Multimer,0.8191678,1.5711586
7KGR,AF-Multimer,2.5036342,3.9146655
7PHR,AF-Multimer,0.7284692,1.1347122
6VB2,AF-Multimer,2.177373,4.9631968
6ZKW,AF-Multimer,0.8142659,2.0699382
7KGQ,AF-Multimer,0.85147876,1.817469
6BJ8,AF-Multimer,2.23762,3.9191694
7N1E,AF-Multimer,0.5620061,1.2544602
6D7G,AF-Multimer,3.6215985,4.4286933
8YE4,AF-Multimer,4.681219,6.86259
8W6L,AF-Multimer,12.094192,12.725193
7EJL,AF-Multimer,5.344953,7.5364866
6JQ3,AF-Multimer,2.991998,4.650198
6UZQ,AF-Multimer,1.5571536,2.1933105
7JYX,AF-Multimer,3.0905595,5.41965
6ZKY,AF-Multimer,3.3132093,4.7060094
6UZS,AF-Multimer,1.630036,2.2693942
7P3E,AF-Multimer,2.1188922,3.8333125
6VB3,AF-Multimer,1.5605742,2.1045055
7EJN,AF-Multimer,12.447733,13.744486
7KGP,AF-Multimer,0.8491171,1.4350779
6Q3K,AF-Multimer,1.6880125,2.8972108
6UZ1,AF-Multimer,0.7830003,1.8852258
6Y29,AF-Multimer,1.3085967,1.9116236
6LBE,AF-Multimer,3.093833,5.0933986
6UJO,AF-Multimer,4.977166,5.953733
7LGT,AF-Multimer,1.8390498,4.4316545
6KWL,AF-Multimer,2.8001878,3.9535544
6D29,AF-Multimer,4.536329,6.44431
5VUD,AF-Multimer,0.3512676,0.6111718
7NUI,AF-Multimer,0.7116942,0.9991625
5VWH,AF-Multimer,0.41988924,0.6865188
6GHN,AF-Multimer,0.8788769,1.3124545
6VMX,AF-Multimer,3.9481523,4.250608
7JYU,AF-Multimer,3.3640423,4.1069264
5WMR,AF-Multimer,1.7272196,2.77334
6EWA,AF-Multimer,1.924369,4.5715756
6MT6,AF-Multimer,3.142217,6.23329
6UJ7,AF-Multimer,2.772653,4.298691
6J29,AF-Multimer,1.3432453,2.8812213
6Y26,AF-Multimer,1.3748921,1.5552617
6MT4,AF-Multimer,3.3483524,6.2699714
6TRN,AF-Multimer,1.7137793,2.4166873
5NPZ,AF-Multimer,2.262084,3.602587
6Y2A,AF-Multimer,1.2456325,1.4779161
6PYJ,AF-Multimer,12.445418,12.9887705
6G3J,AF-Multimer,13.139213,13.514966
6UJ8,AF-Multimer,3.3256814,3.915243
6V2Q,AF-Multimer,12.797217,13.185234
6SS9,AF-Multimer,1.8990388,3.2177215
7K81,AF-Multimer,0.5389221,1.4045161
6UJQ,AF-Multimer,5.7283826,7.4579887
7M8T,AF-Multimer,12.839875,12.752644
6IRL,AF-Multimer,0.39640114,1.8594354
6J1V,AF-Multimer,2.8672533,5.6802125
6RPB,AF-Multimer,2.644785,4.451697
6V2O,AF-Multimer,5.017448,5.7376056
7LFZ,AF-Multimer,1.5834063,2.90537
7JYW,AF-Multimer,3.7913482,6.8819895
6RSY,AF-Multimer,0.58437103,1.023344
6P2C,AF-Multimer,3.678229,5.7536845
6R2L,AF-Multimer,0.9014989,2.1017106
6MT3,AF-Multimer,3.1146486,5.4087663
6D78,AF-Multimer,6.8167715,7.3646817
5TRZ,AF-Multimer,12.393959,13.589598
6XQA,AF-Multimer,4.2649674,6.8874125
6MT5,AF-Multimer,3.2999935,6.314892
6H6D,AF-Multimer,3.184104,4.5602226
6JOZ,AF-Multimer,3.017657,3.8958187
5VWD,AF-Multimer,2.682938,4.0922503
6L9N,AF-Multimer,0.92313033,1.4700718
7MJ7,AF-Multimer,1.7780331,2.6586537
6SS7,AF-Multimer,1.572659,2.917905
6O51,AF-Multimer,4.3460007,3.9697864
6J2A,AF-Multimer,2.3101323,4.6249876
5YXN,AF-Multimer,6.644899,7.3288703
6ULK,AF-Multimer,3.9251175,4.8472304
6Z9W,AF-Multimer,0.63517505,2.6219592
6VM7,AF-Multimer,2.2435277,4.3140674
6D2R,AF-Multimer,3.520476,4.323043
6PTB,AF-Multimer,2.1008046,2.945891
6P2F,AF-Multimer,3.5557897,5.058541
6O9C,AF-Multimer,0.43378416,1.6515834
6O4Z,AF-Multimer,11.087787,11.384539
7LG2,AF-Multimer,1.4166932,3.1879818
6ULI,AF-Multimer,2.7902262,3.7396913
6DKP,AF-Multimer,7.3506837,7.838903
6IEX,AF-Multimer,3.6736317,4.58086
6VM9,AF-Multimer,1.3243579,2.4747944
6L9M,AF-Multimer,0.91759944,1.9446269
6J1W,AF-Multimer,4.129245,5.396855
5VUF,AF-Multimer,3.679051,4.7640023
5VWJ,AF-Multimer,3.3680677,4.5904627
6G9Q,AF-Multimer,4.0754547,5.518638
7LGD,AF-Multimer,4.5095334,5.6410723
7M8S,AF-Multimer,2.1319551,2.8977237
6LHG,AF-Multimer,0.6098871,2.3401165
6TRO,AF-Multimer,1.3066094,2.3346887
6WZY,AF-Multimer,0.4727457,0.77467453
6AMU,AF-Multimer,5.742775,6.964632
6SSA,AF-Multimer,1.8906233,2.944048
5WMN,AF-Multimer,2.4253645,3.555499
6K60,AF-Multimer,2.1805382,3.2240727
6H6H,AF-Multimer,3.4220216,4.62706
6AEE,AF-Multimer,2.1407566,3.2422085
6O53,AF-Multimer,11.896815,12.365558
6KWN,AF-Multimer,3.2009056,4.176308
6MPP,AF-Multimer,3.9356475,4.5097694
5WMP,AF-Multimer,2.0256522,1.9941653
6PYV,AF-Multimer,12.347849,12.908626
5VVP,AF-Multimer,0.625122,0.8298778
6EWC,AF-Multimer,1.4245182,3.8407688
6O4Y,AF-Multimer,4.763526,5.911451
6GL1,AF-Multimer,1.8199959,2.7464643
7MJ9,AF-Multimer,1.5758506,3.0631654
5YMW,AF-Multimer,6.558258,7.589517
6GGM,AF-Multimer,0.5946771,1.5234281
6VR1,AF-Multimer,1.0694438,2.1925316
6X00,AF-Multimer,0.76675504,1.0602057
6W51,AF-Multimer,11.319975,13.0238495
5VWF,AF-Multimer,12.011436,12.267338
5YLX,AF-Multimer,1.895407,2.8660295
6NCA,AF-Multimer,0.93930095,1.7571025
6EWO,AF-Multimer,2.8911123,4.7019763
7LG3,AF-Multimer,0.78660816,1.1943537
6GH4,AF-Multimer,0.76730543,1.5060228
6D2T,AF-Multimer,2.6611054,3.0697381
6TMO,AF-Multimer,6.93254,7.647989
6KWO,AF-Multimer,15.411365,16.138214
6Z9V,AF-Multimer,1.7479132,4.868743
6MTL,AF-Multimer,1.3547696,2.7383122
6SS8,AF-Multimer,0.55742794,1.0618232
5YMV,AF-Multimer,12.68089,13.699395
7KGO,AF-Multimer,4.210492,5.6638026
6NPR,AF-Multimer,2.5026205,4.3124223
6V2P,AF-Multimer,5.0090833,5.7453203
6JTO,AF-Multimer,3.5262442,4.236495
6PYL,AF-Multimer,4.5963755,6.4164042
5VUE,AF-Multimer,3.5916736,4.606536
6Q3S,AF-Multimer,2.3627565,4.092653
6PAG,AF-Multimer,2.0856247,2.8600917
6LHF,AF-Multimer,0.52269596,1.9190799
6VPZ,AF-Multimer,3.9322982,5.797995
6G3K,AF-Multimer,12.5736885,12.919694
7JI2,AF-Multimer,12.256758,11.925486
6OPD,AF-Multimer,2.0873425,3.141544
6PTE,AF-Multimer,2.1665475,3.1719737
6O9B,AF-Multimer,1.3001678,1.3510457
6ID4,AF-Multimer,3.84748,5.2625256
6VMC,AF-Multimer,1.426032,2.6076448
